<?xml version = '1.0' encoding = 'UTF-8'?>
<FKIndexAssociation class="oracle.dbtools.crest.model.design.relational.FKIndexAssociation" directorySegmentName="seg_0" id="6471AAA8-1A91-2E83-75BB-817A27B89C19" containerWithKeyObject="A2594051-94CF-9344-F66B-DD0DA794E55E" localFKIndex="BF0E9102-C907-3634-35EE-53960C46CFCC" name="MEDICAMENTO_USUARIO_FK">
<createdBy>marcelo</createdBy>
<createdTime>2021-08-20 22:05:16 UTC</createdTime>
<generatorID>1F4B0CDC-2BB4-432A-0D26-D040E57A5053</generatorID>
<ownerDesignName>HealthTrack</ownerDesignName>
<referredTableLongName>T_HLT_USUARIO</referredTableLongName>
<deleteRule>NO ACTION</deleteRule>
<referredTableID>354E8054-E275-B614-6BB6-52D1FBB93400</referredTableID>
<keyObject>F4679E33-A642-3904-F7D5-285872A6DF88</keyObject>
<referredKeyID>F4679E33-A642-3904-F7D5-285872A6DF88</referredKeyID>
<mandatory>true</mandatory>
<refColNames>id_usuario</refColNames>
<transferable>true</transferable>
<rely>false</rely>
<columnDependencyConstraintGenerateInDDL>true</columnDependencyConstraintGenerateInDDL>
</FKIndexAssociation>