<?xml version = '1.0' encoding = 'UTF-8'?>
<FKIndexAssociation class="oracle.dbtools.crest.model.design.relational.FKIndexAssociation" directorySegmentName="seg_0" id="64BC486D-5813-6178-2078-E49B9FCEE2BF" containerWithKeyObject="A2594051-94CF-9344-F66B-DD0DA794E55E" localFKIndex="4801C779-F46F-66D5-2A52-A6DBB27F33B5" name="MEDICAMENTO_ATIVO_FK">
<createdBy>marcelo</createdBy>
<createdTime>2021-08-20 22:05:16 UTC</createdTime>
<generatorID>3D91365F-3E6D-0B89-70E9-9F30647ECC2D</generatorID>
<ownerDesignName>HealthTrack</ownerDesignName>
<referredTableLongName>T_HLT_ATIVO</referredTableLongName>
<deleteRule>NO ACTION</deleteRule>
<referredTableID>944BB7B9-84D5-13AF-D667-B9B7052AA601</referredTableID>
<keyObject>87BF2620-3996-D908-35C8-E930DE4D640A</keyObject>
<referredKeyID>87BF2620-3996-D908-35C8-E930DE4D640A</referredKeyID>
<mandatory>true</mandatory>
<refColNames>id_ativo</refColNames>
<transferable>true</transferable>
<rely>false</rely>
<columnDependencyConstraintGenerateInDDL>true</columnDependencyConstraintGenerateInDDL>
</FKIndexAssociation>