<?xml version = '1.0' encoding = 'UTF-8'?>
<FKIndexAssociation class="oracle.dbtools.crest.model.design.relational.FKIndexAssociation" directorySegmentName="seg_0" id="9CFC5DB7-A3BC-3411-0859-36DBDFF920F0" containerWithKeyObject="FF70D8AE-838C-93C4-AB6B-5B62662B34FD" localFKIndex="048971EC-C97C-DFFD-3C22-D9218A589600" name="REFEICAO_USUARIO_FK">
<createdBy>marcelo</createdBy>
<createdTime>2021-08-20 22:05:16 UTC</createdTime>
<generatorID>F1482C21-BE0C-4D88-B6CD-887BB15B10BC</generatorID>
<ownerDesignName>HealthTrack</ownerDesignName>
<referredTableLongName>T_HLT_USUARIO</referredTableLongName>
<deleteRule>NO ACTION</deleteRule>
<referredTableID>354E8054-E275-B614-6BB6-52D1FBB93400</referredTableID>
<keyObject>F4679E33-A642-3904-F7D5-285872A6DF88</keyObject>
<referredKeyID>F4679E33-A642-3904-F7D5-285872A6DF88</referredKeyID>
<mandatory>true</mandatory>
<refColNames>id_usuario</refColNames>
<transferable>true</transferable>
<rely>false</rely>
<columnDependencyConstraintGenerateInDDL>true</columnDependencyConstraintGenerateInDDL>
</FKIndexAssociation>