<?xml version = '1.0' encoding = 'UTF-8'?>
<FKIndexAssociation class="oracle.dbtools.crest.model.design.relational.FKIndexAssociation" directorySegmentName="seg_0" id="A615C8C5-683E-2CBB-CD18-3A3B4483BFEC" containerWithKeyObject="9A175686-7CB3-3C7E-6DD0-61E7F24F6EF1" localFKIndex="C6D758BF-24DF-A8C6-C401-23951F962BE0" name="EXERCICIO_TIPO_EX_FK">
<createdBy>marcelo</createdBy>
<createdTime>2021-08-20 22:05:16 UTC</createdTime>
<generatorID>418008F7-65BC-9AF6-CAC1-77BEC62A01F2</generatorID>
<ownerDesignName>HealthTrack</ownerDesignName>
<referredTableLongName>T_HLT_TIPO_EX</referredTableLongName>
<deleteRule>NO ACTION</deleteRule>
<referredTableID>6F040AB1-40D6-36F8-C1AB-8992DC129810</referredTableID>
<keyObject>4F0FCB0F-0598-AA26-2B1C-1B0FDE796F51</keyObject>
<referredKeyID>4F0FCB0F-0598-AA26-2B1C-1B0FDE796F51</referredKeyID>
<mandatory>true</mandatory>
<refColNames>id_exercicio</refColNames>
<transferable>true</transferable>
<rely>false</rely>
<columnDependencyConstraintGenerateInDDL>true</columnDependencyConstraintGenerateInDDL>
</FKIndexAssociation>