<?xml version = '1.0' encoding = 'UTF-8'?>
<FKIndexAssociation class="oracle.dbtools.crest.model.design.relational.FKIndexAssociation" directorySegmentName="seg_0" id="BB69BE4E-9C42-8390-263D-4E18892C4AC0" containerWithKeyObject="8EC96BCE-A9F6-35C6-E0E5-4AFB37BED01C" localFKIndex="5F20E957-8EC7-03E9-5C46-E37B12971A70" name="CORACAO_USUARIO_FK">
<createdBy>marcelo</createdBy>
<createdTime>2021-08-20 22:05:16 UTC</createdTime>
<generatorID>395799B0-0756-0F7B-0C7F-336866720ECA</generatorID>
<ownerDesignName>HealthTrack</ownerDesignName>
<referredTableLongName>T_HLT_USUARIO</referredTableLongName>
<deleteRule>NO ACTION</deleteRule>
<referredTableID>354E8054-E275-B614-6BB6-52D1FBB93400</referredTableID>
<keyObject>F4679E33-A642-3904-F7D5-285872A6DF88</keyObject>
<referredKeyID>F4679E33-A642-3904-F7D5-285872A6DF88</referredKeyID>
<mandatory>true</mandatory>
<refColNames>id_usuario</refColNames>
<transferable>true</transferable>
<rely>false</rely>
<columnDependencyConstraintGenerateInDDL>true</columnDependencyConstraintGenerateInDDL>
</FKIndexAssociation>