<?xml version = '1.0' encoding = 'UTF-8'?>
<FKIndexAssociation class="oracle.dbtools.crest.model.design.relational.FKIndexAssociation" directorySegmentName="seg_0" id="C5FE2E73-DC22-D63B-413F-CFD2F18738CF" containerWithKeyObject="20D30BCA-0DD7-0F65-CE98-435745A2F8FD" localFKIndex="2A7DAB51-EC03-6B05-20C7-5CE26FCC1EA2" name="HUMOR_USUARIO_FK">
<createdBy>marcelo</createdBy>
<createdTime>2021-08-20 22:05:16 UTC</createdTime>
<generatorID>DA54E1AB-CA39-BABC-2ADD-1992B851FCD4</generatorID>
<ownerDesignName>HealthTrack</ownerDesignName>
<referredTableLongName>T_HLT_USUARIO</referredTableLongName>
<deleteRule>NO ACTION</deleteRule>
<referredTableID>354E8054-E275-B614-6BB6-52D1FBB93400</referredTableID>
<keyObject>F4679E33-A642-3904-F7D5-285872A6DF88</keyObject>
<referredKeyID>F4679E33-A642-3904-F7D5-285872A6DF88</referredKeyID>
<mandatory>true</mandatory>
<refColNames>id_usuario</refColNames>
<transferable>true</transferable>
<rely>false</rely>
<columnDependencyConstraintGenerateInDDL>true</columnDependencyConstraintGenerateInDDL>
</FKIndexAssociation>