<?xml version = '1.0' encoding = 'UTF-8'?>
<FKIndexAssociation class="oracle.dbtools.crest.model.design.relational.FKIndexAssociation" directorySegmentName="seg_0" id="D3469842-D4FE-83D5-E582-6EB461096C84" containerWithKeyObject="2AB34767-9B4E-0BD6-44A4-6A730B57E08E" localFKIndex="C9657504-8317-A403-A5A2-FA15D8787586" name="REFEICAO_ALI_FK">
<createdBy>marcelo</createdBy>
<createdTime>2021-08-20 22:05:16 UTC</createdTime>
<generatorID>045EC2AD-F96C-76CA-945C-43E490388440</generatorID>
<ownerDesignName>HealthTrack</ownerDesignName>
<referredTableLongName>T_HLT_REFEICAO</referredTableLongName>
<deleteRule>NO ACTION</deleteRule>
<referredTableID>FF70D8AE-838C-93C4-AB6B-5B62662B34FD</referredTableID>
<keyObject>D15C0D20-84F3-B71F-9373-CD0E1A7ABECA</keyObject>
<referredKeyID>D15C0D20-84F3-B71F-9373-CD0E1A7ABECA</referredKeyID>
<mandatory>true</mandatory>
<refColNames>dt_refeicao,T_HLT_USUARIO_id_usuario,nr_registro_refeicao</refColNames>
<transferable>true</transferable>
<rely>false</rely>
<columnDependencyConstraintGenerateInDDL>true</columnDependencyConstraintGenerateInDDL>
</FKIndexAssociation>