<?xml version = '1.0' encoding = 'UTF-8'?>
<FKIndexAssociation class="oracle.dbtools.crest.model.design.relational.FKIndexAssociation" directorySegmentName="seg_0" id="EA0D67A4-2372-8203-1923-494FD7AB2039" containerWithKeyObject="2AB34767-9B4E-0BD6-44A4-6A730B57E08E" localFKIndex="B7B9DE66-D4BC-3850-C559-85B4589468A9" name="ALIMENTO_REF_FK">
<createdBy>marcelo</createdBy>
<createdTime>2021-08-20 22:05:16 UTC</createdTime>
<generatorID>EB5E6137-CF37-4D67-179B-A860D07285E7</generatorID>
<ownerDesignName>HealthTrack</ownerDesignName>
<referredTableLongName>T_HLT_ALIMENTO</referredTableLongName>
<deleteRule>NO ACTION</deleteRule>
<referredTableID>BCC81E2A-D0F1-C71F-183E-B7D24DBB6FF0</referredTableID>
<keyObject>5E321EBF-93BF-11A2-C295-5B88877F5916</keyObject>
<referredKeyID>5E321EBF-93BF-11A2-C295-5B88877F5916</referredKeyID>
<mandatory>true</mandatory>
<refColNames>id_alimento</refColNames>
<transferable>true</transferable>
<rely>false</rely>
<columnDependencyConstraintGenerateInDDL>true</columnDependencyConstraintGenerateInDDL>
</FKIndexAssociation>