<?xml version = '1.0' encoding = 'UTF-8'?>
<FKIndexAssociation class="oracle.dbtools.crest.model.design.relational.FKIndexAssociation" directorySegmentName="seg_0" id="FC86AF18-4FD9-183D-3763-E2CE68B959E1" containerWithKeyObject="5CD1BACB-A458-06CD-2E6C-7A65D37908B1" localFKIndex="08012CC0-9939-A1F7-8148-843046C54FE9" name="AGUA_USUARIO_FK">
<createdBy>marcelo</createdBy>
<createdTime>2021-08-20 22:05:16 UTC</createdTime>
<generatorID>2674EE4A-B9A6-E4F5-6E97-9FB06EF6D043</generatorID>
<ownerDesignName>HealthTrack</ownerDesignName>
<referredTableLongName>T_HLT_USUARIO</referredTableLongName>
<deleteRule>NO ACTION</deleteRule>
<referredTableID>354E8054-E275-B614-6BB6-52D1FBB93400</referredTableID>
<keyObject>F4679E33-A642-3904-F7D5-285872A6DF88</keyObject>
<referredKeyID>F4679E33-A642-3904-F7D5-285872A6DF88</referredKeyID>
<mandatory>true</mandatory>
<refColNames>id_usuario</refColNames>
<transferable>true</transferable>
<rely>false</rely>
<columnDependencyConstraintGenerateInDDL>true</columnDependencyConstraintGenerateInDDL>
</FKIndexAssociation>