<?xml version = '1.0' encoding = 'UTF-8'?>
<Relation class="oracle.dbtools.crest.model.design.logical.Relation" name="Relation_10" directorySegmentName="seg_0" id="045EC2AD-F96C-76CA-945C-43E490388440">
<createdBy>marcelo</createdBy>
<createdTime>2021-08-20 20:07:37 UTC</createdTime>
<ownerDesignName>HealthTrack</ownerDesignName>
<engineerTo>
<item key="892E5450-DAFC-767D-E7B2-D33DE6012002" value="true"/>
</engineerTo>
<sourcePk>DBFC1331-E80A-DDDD-E230-AB9D248298F5</sourcePk>
<identifying>true</identifying>
<optionalSource>true</optionalSource>
<optionalTarget>false</optionalTarget>
<sourceCardinality>1</sourceCardinality>
<sourceEntity>84F1CFF1-933E-4F29-0DC9-B17C91724E25</sourceEntity>
<targetCardinalityString>*</targetCardinalityString>
<targetEntity>E693A46F-EA22-AE05-9C34-5971AB1FCE17</targetEntity>
<transferable>true</transferable>
<deleteRule>NO ACTION</deleteRule>
</Relation>
