<?xml version = '1.0' encoding = 'UTF-8'?>
<Relation class="oracle.dbtools.crest.model.design.logical.Relation" name="Pratica" directorySegmentName="seg_0" id="16E28059-9E5C-4FF3-0A22-73EB3AFA96EC">
<createdBy>Marcelo Portella</createdBy>
<createdTime>2021-05-22 22:49:05 UTC</createdTime>
<ownerDesignName>HealthTrack</ownerDesignName>
<engineerTo>
<item key="892E5450-DAFC-767D-E7B2-D33DE6012002" value="true"/>
</engineerTo>
<sourcePk>A5ED5F4A-9EC4-B45C-BCA1-2689AF84D223</sourcePk>
<identifying>true</identifying>
<optionalSource>true</optionalSource>
<optionalTarget>false</optionalTarget>
<sourceCardinality>1</sourceCardinality>
<sourceEntity>8778973A-FDB8-B72E-E2AA-42CF0461ED45</sourceEntity>
<targetCardinalityString>*</targetCardinalityString>
<targetEntity>125927E2-11DE-335D-90D0-97405F93D3E1</targetEntity>
<transferable>true</transferable>
<deleteRule>NO ACTION</deleteRule>
</Relation>
