<?xml version = '1.0' encoding = 'UTF-8'?>
<Relation class="oracle.dbtools.crest.model.design.logical.Relation" name="Bebe" directorySegmentName="seg_0" id="2674EE4A-B9A6-E4F5-6E97-9FB06EF6D043">
<createdBy>marcelo</createdBy>
<createdTime>2021-08-19 21:09:07 UTC</createdTime>
<ownerDesignName>HealthTrack</ownerDesignName>
<engineerTo>
<item key="892E5450-DAFC-767D-E7B2-D33DE6012002" value="true"/>
</engineerTo>
<sourcePk>A5ED5F4A-9EC4-B45C-BCA1-2689AF84D223</sourcePk>
<identifying>true</identifying>
<optionalSource>true</optionalSource>
<optionalTarget>false</optionalTarget>
<sourceCardinality>1</sourceCardinality>
<sourceEntity>8778973A-FDB8-B72E-E2AA-42CF0461ED45</sourceEntity>
<targetCardinalityString>*</targetCardinalityString>
<targetEntity>02271C15-3DD7-4CC3-A3D0-66B78B92F493</targetEntity>
<transferable>true</transferable>
<deleteRule>NO ACTION</deleteRule>
</Relation>
