<?xml version = '1.0' encoding = 'UTF-8'?>
<Relation class="oracle.dbtools.crest.model.design.logical.Relation" name="Pesa" directorySegmentName="seg_0" id="37140617-D035-17A4-A5F2-16729A631FD9">
<createdBy>Marcelo Portella</createdBy>
<createdTime>2021-05-22 17:41:01 UTC</createdTime>
<ownerDesignName>HealthTrack</ownerDesignName>
<engineerTo>
<item key="892E5450-DAFC-767D-E7B2-D33DE6012002" value="true"/>
</engineerTo>
<sourcePk>A5ED5F4A-9EC4-B45C-BCA1-2689AF84D223</sourcePk>
<identifying>true</identifying>
<optionalSource>true</optionalSource>
<optionalTarget>false</optionalTarget>
<sourceCardinality>1</sourceCardinality>
<sourceEntity>8778973A-FDB8-B72E-E2AA-42CF0461ED45</sourceEntity>
<targetCardinalityString>*</targetCardinalityString>
<targetEntity>972EDF8F-D9B0-68E5-6093-BC517EDBC1A2</targetEntity>
<transferable>true</transferable>
<deleteRule>NO ACTION</deleteRule>
</Relation>
