<?xml version = '1.0' encoding = 'UTF-8'?>
<Relation class="oracle.dbtools.crest.model.design.logical.Relation" name="Possui" directorySegmentName="seg_0" id="3D91365F-3E6D-0B89-70E9-9F30647ECC2D">
<createdBy>marcelo</createdBy>
<createdTime>2021-08-19 21:40:57 UTC</createdTime>
<ownerDesignName>HealthTrack</ownerDesignName>
<engineerTo>
<item key="892E5450-DAFC-767D-E7B2-D33DE6012002" value="true"/>
</engineerTo>
<sourcePk>2A826036-CFAC-1404-E4AF-17792CFE5B0E</sourcePk>
<identifying>true</identifying>
<optionalSource>true</optionalSource>
<optionalTarget>false</optionalTarget>
<sourceCardinality>1</sourceCardinality>
<sourceEntity>C38C1826-7461-CD3E-1839-A5B338C1DC70</sourceEntity>
<targetCardinalityString>*</targetCardinalityString>
<targetEntity>8B60B736-11AC-0029-36C4-80EF6F5C6847</targetEntity>
<transferable>true</transferable>
<deleteRule>NO ACTION</deleteRule>
</Relation>
