<?xml version = '1.0' encoding = 'UTF-8'?>
<Relation class="oracle.dbtools.crest.model.design.logical.Relation" name="É" directorySegmentName="seg_0" id="418008F7-65BC-9AF6-CAC1-77BEC62A01F2">
<createdBy>marcelo</createdBy>
<createdTime>2021-08-17 17:13:24 UTC</createdTime>
<ownerDesignName>HealthTrack</ownerDesignName>
<engineerTo>
<item key="892E5450-DAFC-767D-E7B2-D33DE6012002" value="true"/>
</engineerTo>
<sourcePk>4B429337-7737-77AA-184A-C6AB51A93CF0</sourcePk>
<identifying>true</identifying>
<optionalSource>true</optionalSource>
<optionalTarget>false</optionalTarget>
<sourceCardinality>1</sourceCardinality>
<sourceEntity>C832A8F1-2296-A99B-DF69-6BACDA1D645C</sourceEntity>
<targetCardinalityString>*</targetCardinalityString>
<targetEntity>125927E2-11DE-335D-90D0-97405F93D3E1</targetEntity>
<transferable>true</transferable>
<deleteRule>NO ACTION</deleteRule>
</Relation>
