<?xml version = '1.0' encoding = 'UTF-8'?>
<Relation class="oracle.dbtools.crest.model.design.logical.Relation" name="Esta" directorySegmentName="seg_0" id="DA54E1AB-CA39-BABC-2ADD-1992B851FCD4">
<createdBy>marcelo</createdBy>
<createdTime>2021-08-19 20:59:01 UTC</createdTime>
<ownerDesignName>HealthTrack</ownerDesignName>
<engineerTo>
<item key="892E5450-DAFC-767D-E7B2-D33DE6012002" value="true"/>
</engineerTo>
<sourcePk>A5ED5F4A-9EC4-B45C-BCA1-2689AF84D223</sourcePk>
<identifying>true</identifying>
<optionalSource>true</optionalSource>
<optionalTarget>false</optionalTarget>
<sourceCardinality>1</sourceCardinality>
<sourceEntity>8778973A-FDB8-B72E-E2AA-42CF0461ED45</sourceEntity>
<targetCardinalityString>*</targetCardinalityString>
<targetEntity>3B3C2956-0699-F016-FA8B-ED3810CAD0D2</targetEntity>
<transferable>true</transferable>
<deleteRule>NO ACTION</deleteRule>
</Relation>
