<?xml version = '1.0' encoding = 'UTF-8'?>
<Relation class="oracle.dbtools.crest.model.design.logical.Relation" name="Relation_11" directorySegmentName="seg_0" id="EB5E6137-CF37-4D67-179B-A860D07285E7">
<createdBy>marcelo</createdBy>
<createdTime>2021-08-20 20:07:53 UTC</createdTime>
<ownerDesignName>HealthTrack</ownerDesignName>
<engineerTo>
<item key="892E5450-DAFC-767D-E7B2-D33DE6012002" value="true"/>
</engineerTo>
<sourcePk>2E3FBA31-EB8D-D809-71F1-62EF8872EF0A</sourcePk>
<identifying>true</identifying>
<optionalSource>true</optionalSource>
<optionalTarget>false</optionalTarget>
<sourceCardinality>1</sourceCardinality>
<sourceEntity>335E8AF6-410A-9CFE-5915-971F4D3BB834</sourceEntity>
<targetCardinalityString>*</targetCardinalityString>
<targetEntity>E693A46F-EA22-AE05-9C34-5971AB1FCE17</targetEntity>
<transferable>true</transferable>
<deleteRule>NO ACTION</deleteRule>
</Relation>
