<?xml version = '1.0' encoding = 'UTF-8'?>
<Relation class="oracle.dbtools.crest.model.design.logical.Relation" name="Come" directorySegmentName="seg_0" id="F1482C21-BE0C-4D88-B6CD-887BB15B10BC">
<createdBy>Marcelo Portella</createdBy>
<createdTime>2021-05-22 18:13:09 UTC</createdTime>
<ownerDesignName>HealthTrack</ownerDesignName>
<engineerTo>
<item key="892E5450-DAFC-767D-E7B2-D33DE6012002" value="true"/>
</engineerTo>
<sourcePk>A5ED5F4A-9EC4-B45C-BCA1-2689AF84D223</sourcePk>
<identifying>true</identifying>
<optionalSource>true</optionalSource>
<optionalTarget>false</optionalTarget>
<sourceCardinality>1</sourceCardinality>
<sourceEntity>8778973A-FDB8-B72E-E2AA-42CF0461ED45</sourceEntity>
<targetCardinalityString>*</targetCardinalityString>
<targetEntity>84F1CFF1-933E-4F29-0DC9-B17C91724E25</targetEntity>
<transferable>true</transferable>
<deleteRule>NO ACTION</deleteRule>
</Relation>
