<?xml version = '1.0' encoding = 'UTF-8'?>
<Diagram class="oracle.dbtools.crest.swingui.logical.DPVLogical" name="Logical" id="BBEBF2C5-1D15-B2ED-B595-B0B763C346A0">
<createdBy>Marcelo Portella</createdBy>
<modifiedBy>Marcelo Portella</modifiedBy>
<createdTime>2021-05-22 16:11:39 UTC</createdTime>
<autoRoute>false</autoRoute>
<boxInbox>true</boxInbox>
<showLegend>false</showLegend>
<showLabels>false</showLabels>
<showRelAttributes>false</showRelAttributes>
<gridEnabled>false</gridEnabled>
<showGrid>false</showGrid>
<diagramColor>-1</diagramColor>
<display>false</display>
<notation>1</notation>
<objectViews>
<OView class="oracle.dbtools.crest.swingui.logical.TVEntity" oid="02271C15-3DD7-4CC3-A3D0-66B78B92F493" otype="Entity" vid="25D5AA0B-140C-940D-0815-C68F3E00C35E">
<hideElementsInCurrentOnly>false</hideElementsInCurrentOnly>
<bounds x="82" y="192" width="129" height="84"/>
</OView>
<OView class="oracle.dbtools.crest.swingui.logical.TVEntity" oid="125927E2-11DE-335D-90D0-97405F93D3E1" otype="Entity" vid="36BF8420-B2E9-3E19-6D9B-F732AE4D3846">
<hideElementsInCurrentOnly>false</hideElementsInCurrentOnly>
<bounds x="534" y="312" width="126" height="101"/>
</OView>
<OView class="oracle.dbtools.crest.swingui.logical.TVEntity" oid="335E8AF6-410A-9CFE-5915-971F4D3BB834" otype="Entity" vid="81ED047A-8CE3-5FD3-C79E-7F60997A37D1">
<hideElementsInCurrentOnly>false</hideElementsInCurrentOnly>
<bounds x="796" y="469" width="140" height="144"/>
</OView>
<OView class="oracle.dbtools.crest.swingui.logical.TVEntity" oid="3B3C2956-0699-F016-FA8B-ED3810CAD0D2" otype="Entity" vid="127056C4-AC51-3258-41B5-D96C4966A5EF">
<hideElementsInCurrentOnly>false</hideElementsInCurrentOnly>
<bounds x="170" y="82" width="106" height="67"/>
</OView>
<OView class="oracle.dbtools.crest.swingui.logical.TVEntity" oid="84F1CFF1-933E-4F29-0DC9-B17C91724E25" otype="Entity" vid="587ABBCD-2761-43A8-1646-50D7ABE41910">
<hideElementsInCurrentOnly>false</hideElementsInCurrentOnly>
<bounds x="304" y="462" width="150" height="141"/>
</OView>
<OView class="oracle.dbtools.crest.swingui.logical.TVEntity" oid="8778973A-FDB8-B72E-E2AA-42CF0461ED45" otype="Entity" vid="25E1F363-D28B-6AC4-456F-831E1464A23D">
<hideElementsInCurrentOnly>false</hideElementsInCurrentOnly>
<bounds x="310" y="204" width="142" height="182"/>
</OView>
<OView class="oracle.dbtools.crest.swingui.logical.TVEntity" oid="8B60B736-11AC-0029-36C4-80EF6F5C6847" otype="Entity" vid="AF1BF274-6820-FD4A-5010-E2329B153DBE">
<hideElementsInCurrentOnly>false</hideElementsInCurrentOnly>
<bounds x="535" y="179" width="143" height="97"/>
</OView>
<OView class="oracle.dbtools.crest.swingui.logical.TVEntity" oid="95C94FFC-2430-8C79-6B3B-58F01981D062" otype="Entity" vid="20741C35-11CF-91A3-DA8B-9417D14E5063">
<hideElementsInCurrentOnly>false</hideElementsInCurrentOnly>
<bounds x="387" y="42" width="113" height="97"/>
</OView>
<OView class="oracle.dbtools.crest.swingui.logical.TVEntity" oid="972EDF8F-D9B0-68E5-6093-BC517EDBC1A2" otype="Entity" vid="6AE1A5C4-1FE3-0484-BF88-03FFB0E502C6">
<hideElementsInCurrentOnly>false</hideElementsInCurrentOnly>
<bounds x="86" y="313" width="132" height="111"/>
</OView>
<OView class="oracle.dbtools.crest.swingui.logical.TVEntity" oid="C38C1826-7461-CD3E-1839-A5B338C1DC70" otype="Entity" vid="6D4F270E-2595-09AD-209D-9BA5B207419D">
<hideElementsInCurrentOnly>false</hideElementsInCurrentOnly>
<bounds x="771" y="183" width="98" height="71"/>
</OView>
<OView class="oracle.dbtools.crest.swingui.logical.TVEntity" oid="C832A8F1-2296-A99B-DF69-6BACDA1D645C" otype="Entity" vid="FC9FF672-2924-8130-007D-292E04AAA481">
<hideElementsInCurrentOnly>false</hideElementsInCurrentOnly>
<bounds x="769" y="323" width="120" height="93"/>
</OView>
<OView class="oracle.dbtools.crest.swingui.logical.TVEntity" oid="E693A46F-EA22-AE05-9C34-5971AB1FCE17" otype="Entity" vid="7D763F49-CA5E-18F6-CCC3-8864F073769E">
<hideElementsInCurrentOnly>false</hideElementsInCurrentOnly>
<bounds x="523" y="502" width="190" height="55"/>
</OView>
</objectViews>
<connectors>
<Connector class="oracle.dbtools.crest.swingui.logical.TVRelation" oid="045EC2AD-F96C-76CA-945C-43E490388440" otype="Relation" vid_source="587ABBCD-2761-43A8-1646-50D7ABE41910" vid_target="7D763F49-CA5E-18F6-CCC3-8864F073769E">
<hideElementsInCurrentOnly>false</hideElementsInCurrentOnly>
<backgroundColor>-16777216</backgroundColor>
<lineWidth>1</lineWidth>
<points>
<point x="454" y="529"/>
<point x="523" y="529"/>
</points>
</Connector>
<Connector class="oracle.dbtools.crest.swingui.logical.TVRelation" oid="16E28059-9E5C-4FF3-0A22-73EB3AFA96EC" otype="Relation" vid_source="25E1F363-D28B-6AC4-456F-831E1464A23D" vid_target="36BF8420-B2E9-3E19-6D9B-F732AE4D3846">
<hideElementsInCurrentOnly>false</hideElementsInCurrentOnly>
<backgroundColor>-16777216</backgroundColor>
<lineWidth>1</lineWidth>
<points>
<point x="452" y="349"/>
<point x="534" y="349"/>
</points>
</Connector>
<Connector class="oracle.dbtools.crest.swingui.logical.TVRelation" oid="1F4B0CDC-2BB4-432A-0D26-D040E57A5053" otype="Relation" vid_source="25E1F363-D28B-6AC4-456F-831E1464A23D" vid_target="AF1BF274-6820-FD4A-5010-E2329B153DBE">
<hideElementsInCurrentOnly>false</hideElementsInCurrentOnly>
<backgroundColor>-16777216</backgroundColor>
<lineWidth>1</lineWidth>
<points>
<point x="452" y="240"/>
<point x="535" y="240"/>
</points>
</Connector>
<Connector class="oracle.dbtools.crest.swingui.logical.TVRelation" oid="2674EE4A-B9A6-E4F5-6E97-9FB06EF6D043" otype="Relation" vid_source="25E1F363-D28B-6AC4-456F-831E1464A23D" vid_target="25D5AA0B-140C-940D-0815-C68F3E00C35E">
<hideElementsInCurrentOnly>false</hideElementsInCurrentOnly>
<backgroundColor>-16777216</backgroundColor>
<lineWidth>1</lineWidth>
<points>
<point x="310" y="240"/>
<point x="211" y="240"/>
</points>
</Connector>
<Connector class="oracle.dbtools.crest.swingui.logical.TVRelation" oid="37140617-D035-17A4-A5F2-16729A631FD9" otype="Relation" vid_source="25E1F363-D28B-6AC4-456F-831E1464A23D" vid_target="6AE1A5C4-1FE3-0484-BF88-03FFB0E502C6">
<hideElementsInCurrentOnly>false</hideElementsInCurrentOnly>
<backgroundColor>-16777216</backgroundColor>
<lineWidth>1</lineWidth>
<points>
<point x="310" y="349"/>
<point x="218" y="349"/>
</points>
</Connector>
<Connector class="oracle.dbtools.crest.swingui.logical.TVRelation" oid="395799B0-0756-0F7B-0C7F-336866720ECA" otype="Relation" vid_source="25E1F363-D28B-6AC4-456F-831E1464A23D" vid_target="20741C35-11CF-91A3-DA8B-9417D14E5063">
<hideElementsInCurrentOnly>false</hideElementsInCurrentOnly>
<backgroundColor>-16777216</backgroundColor>
<lineWidth>1</lineWidth>
<points>
<point x="419" y="204"/>
<point x="419" y="139"/>
</points>
</Connector>
<Connector class="oracle.dbtools.crest.swingui.logical.TVRelation" oid="3D91365F-3E6D-0B89-70E9-9F30647ECC2D" otype="Relation" vid_source="6D4F270E-2595-09AD-209D-9BA5B207419D" vid_target="AF1BF274-6820-FD4A-5010-E2329B153DBE">
<hideElementsInCurrentOnly>false</hideElementsInCurrentOnly>
<backgroundColor>-16777216</backgroundColor>
<lineWidth>1</lineWidth>
<points>
<point x="771" y="218"/>
<point x="678" y="218"/>
</points>
</Connector>
<Connector class="oracle.dbtools.crest.swingui.logical.TVRelation" oid="418008F7-65BC-9AF6-CAC1-77BEC62A01F2" otype="Relation" vid_source="FC9FF672-2924-8130-007D-292E04AAA481" vid_target="36BF8420-B2E9-3E19-6D9B-F732AE4D3846">
<hideElementsInCurrentOnly>false</hideElementsInCurrentOnly>
<backgroundColor>-16777216</backgroundColor>
<lineWidth>1</lineWidth>
<points>
<point x="769" y="368"/>
<point x="660" y="368"/>
</points>
</Connector>
<Connector class="oracle.dbtools.crest.swingui.logical.TVRelation" oid="DA54E1AB-CA39-BABC-2ADD-1992B851FCD4" otype="Relation" vid_source="25E1F363-D28B-6AC4-456F-831E1464A23D" vid_target="127056C4-AC51-3258-41B5-D96C4966A5EF">
<hideElementsInCurrentOnly>false</hideElementsInCurrentOnly>
<backgroundColor>-16777216</backgroundColor>
<lineWidth>1</lineWidth>
<points>
<point x="354" y="204"/>
<point x="354" y="114"/>
<point x="276" y="114"/>
</points>
</Connector>
<Connector class="oracle.dbtools.crest.swingui.logical.TVRelation" oid="EB5E6137-CF37-4D67-179B-A860D07285E7" otype="Relation" vid_source="81ED047A-8CE3-5FD3-C79E-7F60997A37D1" vid_target="7D763F49-CA5E-18F6-CCC3-8864F073769E">
<hideElementsInCurrentOnly>false</hideElementsInCurrentOnly>
<backgroundColor>-16777216</backgroundColor>
<lineWidth>1</lineWidth>
<points>
<point x="796" y="529"/>
<point x="713" y="529"/>
</points>
</Connector>
<Connector class="oracle.dbtools.crest.swingui.logical.TVRelation" oid="F1482C21-BE0C-4D88-B6CD-887BB15B10BC" otype="Relation" vid_source="25E1F363-D28B-6AC4-456F-831E1464A23D" vid_target="587ABBCD-2761-43A8-1646-50D7ABE41910">
<hideElementsInCurrentOnly>false</hideElementsInCurrentOnly>
<backgroundColor>-16777216</backgroundColor>
<lineWidth>1</lineWidth>
<points>
<point x="381" y="386"/>
<point x="381" y="462"/>
</points>
</Connector>
</connectors>
</Diagram>