<?xml version = '1.0' encoding = 'UTF-8'?>
<Entity class="oracle.dbtools.crest.model.design.logical.Entity" directorySegmentName="seg_0" id="02271C15-3DD7-4CC3-A3D0-66B78B92F493" name="T_HLT_AGUA">
<createdBy>marcelo</createdBy>
<createdTime>2021-08-19 20:51:48 UTC</createdTime>
<ownerDesignName>HealthTrack</ownerDesignName>
<engineerTo>
<item key="892E5450-DAFC-767D-E7B2-D33DE6012002" value="true"/>
</engineerTo>
<adequatelyNormalized>NO</adequatelyNormalized>
<expectedVolumes>0</expectedVolumes>
<fwdEngineeringStrategyName>Single Table</fwdEngineeringStrategyName>
<growthPercent>0</growthPercent>
<growthType>Year</growthType>
<maxVolumes>9999999</maxVolumes>
<minVolumes>0</minVolumes>
<normalForm>Third</normalForm>
<attributes itemClass="oracle.dbtools.crest.model.design.logical.Attribute">
<Attribute name="dt_agua" id="600E7D9C-F9CD-922B-A0F7-628E03E210AB">
<createdBy>marcelo</createdBy>
<createdTime>2021-08-19 21:02:02 UTC</createdTime>
<ownerDesignName>HealthTrack</ownerDesignName>
<engineerTo>
<item key="892E5450-DAFC-767D-E7B2-D33DE6012002" value="true"/>
</engineerTo>
<useDomainConstraints>false</useDomainConstraints>
<use>1</use>
<logicalDatatype>LOGDT007</logicalDatatype>
<ownDataTypeParameters>,,</ownDataTypeParameters>
</Attribute>
<Attribute name="nr_registro_dia" id="40E663E2-722A-C6DC-546C-49C6D142ED3E">
<createdBy>marcelo</createdBy>
<createdTime>2021-08-19 21:07:27 UTC</createdTime>
<ownerDesignName>HealthTrack</ownerDesignName>
<engineerTo>
<item key="892E5450-DAFC-767D-E7B2-D33DE6012002" value="true"/>
</engineerTo>
<useDomainConstraints>false</useDomainConstraints>
<use>1</use>
<logicalDatatype>LOGDT019</logicalDatatype>
<dataTypePrecision>2</dataTypePrecision>
<ownDataTypeParameters>,2,</ownDataTypeParameters>
</Attribute>
<Attribute name="id_usuario" id="88F00EF6-0F2D-26DB-A676-39FB5D904B58">
<createdBy>marcelo</createdBy>
<createdTime>2021-08-19 21:09:07 UTC</createdTime>
<generatorID>2674EE4A-B9A6-E4F5-6E97-9FB06EF6D043</generatorID>
<ownerDesignName>HealthTrack</ownerDesignName>
<engineerTo>
<item key="892E5450-DAFC-767D-E7B2-D33DE6012002" value="true"/>
</engineerTo>
<referedAttribute>D0F2F446-6236-294D-1113-0AEA41180347</referedAttribute>
<useDomainConstraints>false</useDomainConstraints>
<use>1</use>
<logicalDatatype>LOGDT019</logicalDatatype>
<dataTypePrecision>8</dataTypePrecision>
<ownDataTypeParameters>,8,</ownDataTypeParameters>
</Attribute>
<Attribute name="qt_consumida" id="14EF7E95-28A6-FF76-DF64-9543C729E135">
<createdBy>marcelo</createdBy>
<createdTime>2021-08-19 21:02:27 UTC</createdTime>
<ownerDesignName>HealthTrack</ownerDesignName>
<engineerTo>
<item key="892E5450-DAFC-767D-E7B2-D33DE6012002" value="true"/>
</engineerTo>
<useDomainConstraints>false</useDomainConstraints>
<use>1</use>
<logicalDatatype>LOGDT019</logicalDatatype>
<dataTypePrecision>4</dataTypePrecision>
<ownDataTypeParameters>,4,</ownDataTypeParameters>
</Attribute>
</attributes>
<identifiers itemClass="oracle.dbtools.crest.model.design.logical.CandidateKey">
<identifier id="5AA86E53-94F8-316E-99E3-6EC117920606" name="T_HLT_AGUA_PK">
<createdBy>marcelo</createdBy>
<createdTime>2021-08-19 21:02:26 UTC</createdTime>
<ownerDesignName>HealthTrack</ownerDesignName>
<engineerTo>
<item key="892E5450-DAFC-767D-E7B2-D33DE6012002" value="true"/>
</engineerTo>
<pk>true</pk>
<newElementsIDs>600E7D9C-F9CD-922B-A0F7-628E03E210AB,40E663E2-722A-C6DC-546C-49C6D142ED3E,2674EE4A-B9A6-E4F5-6E97-9FB06EF6D043</newElementsIDs>
<usedAttributes>
<attributeRef>600E7D9C-F9CD-922B-A0F7-628E03E210AB</attributeRef>
<attributeRef>40E663E2-722A-C6DC-546C-49C6D142ED3E</attributeRef>
<attributeRef>88F00EF6-0F2D-26DB-A676-39FB5D904B58</attributeRef>
</usedAttributes>
</identifier>
</identifiers>
</Entity>
