<?xml version = '1.0' encoding = 'UTF-8'?>
<Entity class="oracle.dbtools.crest.model.design.logical.Entity" directorySegmentName="seg_0" id="125927E2-11DE-335D-90D0-97405F93D3E1" name="T_HLT_EXERCICIO">
<createdBy>Marcelo Portella</createdBy>
<createdTime>2021-05-22 19:11:47 UTC</createdTime>
<ownerDesignName>HealthTrack</ownerDesignName>
<engineerTo>
<item key="892E5450-DAFC-767D-E7B2-D33DE6012002" value="true"/>
</engineerTo>
<adequatelyNormalized>NO</adequatelyNormalized>
<expectedVolumes>0</expectedVolumes>
<fwdEngineeringStrategyName>Single Table</fwdEngineeringStrategyName>
<growthPercent>0</growthPercent>
<growthType>Year</growthType>
<maxVolumes>9999999</maxVolumes>
<minVolumes>0</minVolumes>
<normalForm>Third</normalForm>
<attributes itemClass="oracle.dbtools.crest.model.design.logical.Attribute">
<Attribute name="dt_exercicio" id="2E078068-EA2A-7799-135F-0183E2C2AAA3">
<createdBy>marcelo</createdBy>
<createdTime>2021-08-17 17:02:50 UTC</createdTime>
<ownerDesignName>HealthTrack</ownerDesignName>
<engineerTo>
<item key="892E5450-DAFC-767D-E7B2-D33DE6012002" value="true"/>
</engineerTo>
<useDomainConstraints>false</useDomainConstraints>
<use>1</use>
<logicalDatatype>LOGDT008</logicalDatatype>
<ownDataTypeParameters>,,</ownDataTypeParameters>
</Attribute>
<Attribute name="nr_registro_dia" id="AC0921CD-7EB6-8F9F-9B74-D79F259C060A">
<createdBy>marcelo</createdBy>
<createdTime>2021-08-20 19:42:22 UTC</createdTime>
<ownerDesignName>HealthTrack</ownerDesignName>
<engineerTo>
<item key="892E5450-DAFC-767D-E7B2-D33DE6012002" value="true"/>
</engineerTo>
<useDomainConstraints>false</useDomainConstraints>
<use>1</use>
<logicalDatatype>LOGDT019</logicalDatatype>
<dataTypePrecision>2</dataTypePrecision>
<ownDataTypeParameters>,2,</ownDataTypeParameters>
</Attribute>
<Attribute name="id_usuario" id="F07CAAE5-D09A-712A-9A85-18CBF75B27A0">
<createdBy>Marcelo Portella</createdBy>
<createdTime>2021-05-22 22:49:05 UTC</createdTime>
<generatorID>16E28059-9E5C-4FF3-0A22-73EB3AFA96EC</generatorID>
<ownerDesignName>HealthTrack</ownerDesignName>
<engineerTo>
<item key="892E5450-DAFC-767D-E7B2-D33DE6012002" value="true"/>
</engineerTo>
<referedAttribute>D0F2F446-6236-294D-1113-0AEA41180347</referedAttribute>
<useDomainConstraints>false</useDomainConstraints>
<use>1</use>
<logicalDatatype>LOGDT019</logicalDatatype>
<dataTypePrecision>8</dataTypePrecision>
<ownDataTypeParameters>,8,</ownDataTypeParameters>
</Attribute>
<Attribute name="id_exercicio" id="90056EF0-5018-473A-DB94-336F9B0DE6B1">
<createdBy>marcelo</createdBy>
<createdTime>2021-08-17 17:13:24 UTC</createdTime>
<generatorID>418008F7-65BC-9AF6-CAC1-77BEC62A01F2</generatorID>
<ownerDesignName>HealthTrack</ownerDesignName>
<engineerTo>
<item key="892E5450-DAFC-767D-E7B2-D33DE6012002" value="true"/>
</engineerTo>
<referedAttribute>A639DB4D-C0BE-8576-40E2-38C3B56C2146</referedAttribute>
<useDomainConstraints>false</useDomainConstraints>
<use>1</use>
<logicalDatatype>LOGDT019</logicalDatatype>
<dataTypePrecision>3</dataTypePrecision>
<ownDataTypeParameters>,3,</ownDataTypeParameters>
</Attribute>
<Attribute name="duracao" id="4E649E99-5E08-B57E-5D3F-1268D2142479">
<createdBy>Marcelo Portella</createdBy>
<createdTime>2021-05-22 22:54:02 UTC</createdTime>
<ownerDesignName>HealthTrack</ownerDesignName>
<engineerTo>
<item key="892E5450-DAFC-767D-E7B2-D33DE6012002" value="true"/>
</engineerTo>
<useDomainConstraints>false</useDomainConstraints>
<use>1</use>
<logicalDatatype>LOGDT019</logicalDatatype>
<ownDataTypeParameters>,,</ownDataTypeParameters>
</Attribute>
<Attribute name="nr_kcal_total" id="D38132F5-0969-051C-19E1-32F1AC8595B6">
<createdBy>marcelo</createdBy>
<createdTime>2021-08-20 19:39:31 UTC</createdTime>
<ownerDesignName>HealthTrack</ownerDesignName>
<engineerTo>
<item key="892E5450-DAFC-767D-E7B2-D33DE6012002" value="true"/>
</engineerTo>
<useDomainConstraints>false</useDomainConstraints>
<use>1</use>
<logicalDatatype>LOGDT019</logicalDatatype>
<dataTypePrecision>4</dataTypePrecision>
<ownDataTypeParameters>,4,</ownDataTypeParameters>
</Attribute>
</attributes>
<identifiers itemClass="oracle.dbtools.crest.model.design.logical.CandidateKey">
<identifier id="D1BCF24C-83B9-387F-B319-BB2617549272" name="T_HLT_EXERCICIO_PK">
<createdBy>Marcelo Portella</createdBy>
<createdTime>2021-05-22 22:48:55 UTC</createdTime>
<ownerDesignName>HealthTrack</ownerDesignName>
<engineerTo>
<item key="892E5450-DAFC-767D-E7B2-D33DE6012002" value="true"/>
</engineerTo>
<pk>true</pk>
<newElementsIDs>2E078068-EA2A-7799-135F-0183E2C2AAA3,16E28059-9E5C-4FF3-0A22-73EB3AFA96EC,418008F7-65BC-9AF6-CAC1-77BEC62A01F2,AC0921CD-7EB6-8F9F-9B74-D79F259C060A</newElementsIDs>
<usedAttributes>
<attributeRef>2E078068-EA2A-7799-135F-0183E2C2AAA3</attributeRef>
<attributeRef>F07CAAE5-D09A-712A-9A85-18CBF75B27A0</attributeRef>
<attributeRef>90056EF0-5018-473A-DB94-336F9B0DE6B1</attributeRef>
<attributeRef>AC0921CD-7EB6-8F9F-9B74-D79F259C060A</attributeRef>
</usedAttributes>
</identifier>
</identifiers>
</Entity>
