<?xml version = '1.0' encoding = 'UTF-8'?>
<Entity class="oracle.dbtools.crest.model.design.logical.Entity" directorySegmentName="seg_0" id="335E8AF6-410A-9CFE-5915-971F4D3BB834" name="T_HLT_ALIMENTO">
<createdBy>marcelo</createdBy>
<createdTime>2021-08-17 18:27:09 UTC</createdTime>
<ownerDesignName>HealthTrack</ownerDesignName>
<engineerTo>
<item key="9CA4DF36-C99F-4CAA-E7B1-1BD8CF0DE91F" value="true"/>
</engineerTo>
<adequatelyNormalized>NO</adequatelyNormalized>
<expectedVolumes>0</expectedVolumes>
<fwdEngineeringStrategyName>Single Table</fwdEngineeringStrategyName>
<growthPercent>0</growthPercent>
<growthType>Year</growthType>
<maxVolumes>9999999</maxVolumes>
<minVolumes>0</minVolumes>
<normalForm>Third</normalForm>
<attributes itemClass="oracle.dbtools.crest.model.design.logical.Attribute">
<Attribute name="id_alimento" id="3FCBA50B-41F8-142A-672F-6B64A0E61EF4">
<createdBy>marcelo</createdBy>
<createdTime>2021-08-17 18:28:15 UTC</createdTime>
<ownerDesignName>HealthTrack</ownerDesignName>
<engineerTo>
<item key="9CA4DF36-C99F-4CAA-E7B1-1BD8CF0DE91F" value="true"/>
</engineerTo>
<useDomainConstraints>false</useDomainConstraints>
<use>1</use>
<logicalDatatype>LOGDT019</logicalDatatype>
<dataTypePrecision>8</dataTypePrecision>
<ownDataTypeParameters>,8,</ownDataTypeParameters>
</Attribute>
<Attribute name="ds_alimento" id="4BCFECA3-9918-9565-2F74-CB85EC04E273">
<createdBy>marcelo</createdBy>
<createdTime>2021-08-20 20:44:04 UTC</createdTime>
<ownerDesignName>HealthTrack</ownerDesignName>
<engineerTo>
<item key="9CA4DF36-C99F-4CAA-E7B1-1BD8CF0DE91F" value="true"/>
</engineerTo>
<useDomainConstraints>false</useDomainConstraints>
<use>1</use>
<logicalDatatype>LOGDT024</logicalDatatype>
<dataTypeSize>30</dataTypeSize>
<ownDataTypeParameters>30,,</ownDataTypeParameters>
</Attribute>
<Attribute name="nr_gr_porcao" id="5546E569-8CAA-B2C5-DAA4-448E148F79A9">
<createdBy>marcelo</createdBy>
<createdTime>2021-08-17 18:28:43 UTC</createdTime>
<ownerDesignName>HealthTrack</ownerDesignName>
<engineerTo>
<item key="9CA4DF36-C99F-4CAA-E7B1-1BD8CF0DE91F" value="true"/>
</engineerTo>
<useDomainConstraints>false</useDomainConstraints>
<use>1</use>
<logicalDatatype>LOGDT019</logicalDatatype>
<dataTypePrecision>4</dataTypePrecision>
<dataTypeScale>1</dataTypeScale>
<ownDataTypeParameters>,4,1</ownDataTypeParameters>
</Attribute>
<Attribute name="nr_kcal_gr" id="AE3F8724-86A8-E858-BD69-B395CFA86691">
<createdBy>marcelo</createdBy>
<createdTime>2021-08-17 18:29:21 UTC</createdTime>
<ownerDesignName>HealthTrack</ownerDesignName>
<engineerTo>
<item key="9CA4DF36-C99F-4CAA-E7B1-1BD8CF0DE91F" value="true"/>
</engineerTo>
<useDomainConstraints>false</useDomainConstraints>
<use>1</use>
<logicalDatatype>LOGDT019</logicalDatatype>
<dataTypePrecision>4</dataTypePrecision>
<dataTypeScale>3</dataTypeScale>
<ownDataTypeParameters>,4,3</ownDataTypeParameters>
</Attribute>
<Attribute name="nr_carbo_gr" id="32882B1C-8053-70B1-AD3C-CC1FD5FA8ADE">
<createdBy>marcelo</createdBy>
<createdTime>2021-08-17 18:30:15 UTC</createdTime>
<ownerDesignName>HealthTrack</ownerDesignName>
<engineerTo>
<item key="9CA4DF36-C99F-4CAA-E7B1-1BD8CF0DE91F" value="true"/>
</engineerTo>
<useDomainConstraints>false</useDomainConstraints>
<use>1</use>
<logicalDatatype>LOGDT019</logicalDatatype>
<dataTypePrecision>4</dataTypePrecision>
<dataTypeScale>3</dataTypeScale>
<ownDataTypeParameters>,4,3</ownDataTypeParameters>
</Attribute>
<Attribute name="nr_prot_gr" id="06313291-90D6-68C3-8B7A-D5E94E70B4AD">
<createdBy>marcelo</createdBy>
<createdTime>2021-08-17 18:32:13 UTC</createdTime>
<ownerDesignName>HealthTrack</ownerDesignName>
<engineerTo>
<item key="9CA4DF36-C99F-4CAA-E7B1-1BD8CF0DE91F" value="true"/>
</engineerTo>
<useDomainConstraints>false</useDomainConstraints>
<use>1</use>
<logicalDatatype>LOGDT019</logicalDatatype>
<dataTypePrecision>4</dataTypePrecision>
<dataTypeScale>3</dataTypeScale>
<ownDataTypeParameters>,4,3</ownDataTypeParameters>
</Attribute>
<Attribute name="nr_gord_gr" id="ADD0824E-3963-209A-1232-A4325A0EDD79">
<createdBy>marcelo</createdBy>
<createdTime>2021-08-17 18:32:33 UTC</createdTime>
<ownerDesignName>HealthTrack</ownerDesignName>
<engineerTo>
<item key="9CA4DF36-C99F-4CAA-E7B1-1BD8CF0DE91F" value="true"/>
</engineerTo>
<useDomainConstraints>false</useDomainConstraints>
<use>1</use>
<logicalDatatype>LOGDT019</logicalDatatype>
<dataTypePrecision>4</dataTypePrecision>
<dataTypeScale>3</dataTypeScale>
<ownDataTypeParameters>,4,3</ownDataTypeParameters>
</Attribute>
</attributes>
<identifiers itemClass="oracle.dbtools.crest.model.design.logical.CandidateKey">
<identifier id="2E3FBA31-EB8D-D809-71F1-62EF8872EF0A" name="T_HLT_ALIMENTOS_PK">
<createdBy>marcelo</createdBy>
<createdTime>2021-08-17 18:28:39 UTC</createdTime>
<ownerDesignName>HealthTrack</ownerDesignName>
<engineerTo>
<item key="9CA4DF36-C99F-4CAA-E7B1-1BD8CF0DE91F" value="true"/>
</engineerTo>
<pk>true</pk>
<newElementsIDs>3FCBA50B-41F8-142A-672F-6B64A0E61EF4</newElementsIDs>
<usedAttributes>
<attributeRef>3FCBA50B-41F8-142A-672F-6B64A0E61EF4</attributeRef>
</usedAttributes>
</identifier>
</identifiers>
</Entity>