<?xml version = '1.0' encoding = 'UTF-8'?>
<Entity class="oracle.dbtools.crest.model.design.logical.Entity" directorySegmentName="seg_0" id="3B3C2956-0699-F016-FA8B-ED3810CAD0D2" name="T_HLT_HUMOR">
<createdBy>marcelo</createdBy>
<createdTime>2021-08-19 20:53:17 UTC</createdTime>
<ownerDesignName>HealthTrack</ownerDesignName>
<engineerTo>
<item key="892E5450-DAFC-767D-E7B2-D33DE6012002" value="true"/>
</engineerTo>
<adequatelyNormalized>NO</adequatelyNormalized>
<expectedVolumes>0</expectedVolumes>
<fwdEngineeringStrategyName>Single Table</fwdEngineeringStrategyName>
<growthPercent>0</growthPercent>
<growthType>Year</growthType>
<maxVolumes>9999999</maxVolumes>
<minVolumes>0</minVolumes>
<normalForm>Third</normalForm>
<attributes itemClass="oracle.dbtools.crest.model.design.logical.Attribute">
<Attribute name="dt_humor" id="A3234E05-0CE4-3AA5-6BA3-5969E297F6D3">
<createdBy>marcelo</createdBy>
<createdTime>2021-08-19 20:55:57 UTC</createdTime>
<ownerDesignName>HealthTrack</ownerDesignName>
<engineerTo>
<item key="892E5450-DAFC-767D-E7B2-D33DE6012002" value="true"/>
</engineerTo>
<useDomainConstraints>false</useDomainConstraints>
<use>1</use>
<logicalDatatype>LOGDT007</logicalDatatype>
<ownDataTypeParameters>,,</ownDataTypeParameters>
</Attribute>
<Attribute name="id_usuario" id="495CB79C-428D-FD5D-367F-8C9A5724D01E">
<createdBy>marcelo</createdBy>
<createdTime>2021-08-19 20:59:01 UTC</createdTime>
<generatorID>DA54E1AB-CA39-BABC-2ADD-1992B851FCD4</generatorID>
<ownerDesignName>HealthTrack</ownerDesignName>
<engineerTo>
<item key="892E5450-DAFC-767D-E7B2-D33DE6012002" value="true"/>
</engineerTo>
<referedAttribute>D0F2F446-6236-294D-1113-0AEA41180347</referedAttribute>
<useDomainConstraints>false</useDomainConstraints>
<use>1</use>
<logicalDatatype>LOGDT019</logicalDatatype>
<dataTypePrecision>8</dataTypePrecision>
<ownDataTypeParameters>,8,</ownDataTypeParameters>
</Attribute>
<Attribute name="nivel_humor" id="9098F533-0CC3-1C8F-C07F-10AE6379CC2B">
<createdBy>marcelo</createdBy>
<createdTime>2021-08-19 20:57:03 UTC</createdTime>
<ownerDesignName>HealthTrack</ownerDesignName>
<engineerTo>
<item key="892E5450-DAFC-767D-E7B2-D33DE6012002" value="true"/>
</engineerTo>
<useDomainConstraints>false</useDomainConstraints>
<use>1</use>
<logicalDatatype>LOGDT019</logicalDatatype>
<dataTypePrecision>1</dataTypePrecision>
<ownDataTypeParameters>,1,</ownDataTypeParameters>
</Attribute>
</attributes>
<identifiers itemClass="oracle.dbtools.crest.model.design.logical.CandidateKey">
<identifier id="1117667B-198B-7ECF-BB57-2860AB5D5DFD" name="T_HLT_HUMOR_PK">
<createdBy>marcelo</createdBy>
<createdTime>2021-08-19 20:56:28 UTC</createdTime>
<ownerDesignName>HealthTrack</ownerDesignName>
<engineerTo>
<item key="892E5450-DAFC-767D-E7B2-D33DE6012002" value="true"/>
</engineerTo>
<pk>true</pk>
<newElementsIDs>A3234E05-0CE4-3AA5-6BA3-5969E297F6D3,DA54E1AB-CA39-BABC-2ADD-1992B851FCD4</newElementsIDs>
<usedAttributes>
<attributeRef>A3234E05-0CE4-3AA5-6BA3-5969E297F6D3</attributeRef>
<attributeRef>495CB79C-428D-FD5D-367F-8C9A5724D01E</attributeRef>
</usedAttributes>
</identifier>
</identifiers>
</Entity>
