<?xml version = '1.0' encoding = 'UTF-8'?>
<Entity class="oracle.dbtools.crest.model.design.logical.Entity" directorySegmentName="seg_0" id="84F1CFF1-933E-4F29-0DC9-B17C91724E25" name="T_HLT_REFEICAO">
<createdBy>Marcelo Portella</createdBy>
<createdTime>2021-05-22 18:00:28 UTC</createdTime>
<ownerDesignName>HealthTrack</ownerDesignName>
<engineerTo>
<item key="892E5450-DAFC-767D-E7B2-D33DE6012002" value="true"/>
</engineerTo>
<adequatelyNormalized>NO</adequatelyNormalized>
<expectedVolumes>0</expectedVolumes>
<fwdEngineeringStrategyName>Single Table</fwdEngineeringStrategyName>
<growthPercent>0</growthPercent>
<growthType>Year</growthType>
<maxVolumes>9999999</maxVolumes>
<minVolumes>0</minVolumes>
<normalForm>Third</normalForm>
<attributes itemClass="oracle.dbtools.crest.model.design.logical.Attribute">
<Attribute name="dt_refeicao" id="CD099CFA-C323-B0D0-8BE2-1D72F0F7333C">
<createdBy>Marcelo Portella</createdBy>
<createdTime>2021-05-22 18:08:03 UTC</createdTime>
<ownerDesignName>HealthTrack</ownerDesignName>
<engineerTo>
<item key="892E5450-DAFC-767D-E7B2-D33DE6012002" value="true"/>
</engineerTo>
<useDomainConstraints>false</useDomainConstraints>
<use>1</use>
<logicalDatatype>LOGDT008</logicalDatatype>
<ownDataTypeParameters>,,</ownDataTypeParameters>
</Attribute>
<Attribute name="nr_registro_refeicao" id="8163C7A3-A622-37A7-5DAF-BFD50B0E483A">
<createdBy>marcelo</createdBy>
<createdTime>2021-08-17 17:50:02 UTC</createdTime>
<ownerDesignName>HealthTrack</ownerDesignName>
<engineerTo>
<item key="892E5450-DAFC-767D-E7B2-D33DE6012002" value="true"/>
</engineerTo>
<useDomainConstraints>false</useDomainConstraints>
<use>1</use>
<logicalDatatype>LOGDT019</logicalDatatype>
<dataTypePrecision>2</dataTypePrecision>
<ownDataTypeParameters>,2,</ownDataTypeParameters>
</Attribute>
<Attribute name="id_usuario" id="C49F8D61-A83B-FA77-B62E-20C6F1D12712">
<createdBy>Marcelo Portella</createdBy>
<createdTime>2021-05-22 18:13:09 UTC</createdTime>
<generatorID>F1482C21-BE0C-4D88-B6CD-887BB15B10BC</generatorID>
<ownerDesignName>HealthTrack</ownerDesignName>
<engineerTo>
<item key="892E5450-DAFC-767D-E7B2-D33DE6012002" value="true"/>
</engineerTo>
<referedAttribute>D0F2F446-6236-294D-1113-0AEA41180347</referedAttribute>
<useDomainConstraints>false</useDomainConstraints>
<use>1</use>
<logicalDatatype>LOGDT019</logicalDatatype>
<dataTypePrecision>8</dataTypePrecision>
<ownDataTypeParameters>,8,</ownDataTypeParameters>
</Attribute>
<Attribute name="ds_refeicao" id="0709C937-6ACE-9C1B-D08B-91D571D97E89">
<createdBy>marcelo</createdBy>
<createdTime>2021-08-20 20:05:24 UTC</createdTime>
<ownerDesignName>HealthTrack</ownerDesignName>
<engineerTo>
<item key="892E5450-DAFC-767D-E7B2-D33DE6012002" value="true"/>
</engineerTo>
<useDomainConstraints>false</useDomainConstraints>
<use>1</use>
<logicalDatatype>LOGDT024</logicalDatatype>
<dataTypeSize>20</dataTypeSize>
<ownDataTypeParameters>20,,</ownDataTypeParameters>
</Attribute>
<Attribute name="nr_total_kcal" id="E2C10F52-89C4-3E2D-CFCD-F12B20AFFE09">
<createdBy>marcelo</createdBy>
<createdTime>2021-08-17 18:09:36 UTC</createdTime>
<ownerDesignName>HealthTrack</ownerDesignName>
<engineerTo>
<item key="892E5450-DAFC-767D-E7B2-D33DE6012002" value="true"/>
</engineerTo>
<useDomainConstraints>false</useDomainConstraints>
<use>1</use>
<logicalDatatype>LOGDT019</logicalDatatype>
<dataTypePrecision>6</dataTypePrecision>
<dataTypeScale>2</dataTypeScale>
<ownDataTypeParameters>,6,2</ownDataTypeParameters>
</Attribute>
<Attribute name="nr_total_carbo" id="798316D9-F406-3507-31C7-C1EE755CCF20">
<createdBy>marcelo</createdBy>
<createdTime>2021-08-17 18:10:02 UTC</createdTime>
<ownerDesignName>HealthTrack</ownerDesignName>
<engineerTo>
<item key="892E5450-DAFC-767D-E7B2-D33DE6012002" value="true"/>
</engineerTo>
<useDomainConstraints>false</useDomainConstraints>
<use>1</use>
<logicalDatatype>LOGDT019</logicalDatatype>
<dataTypePrecision>6</dataTypePrecision>
<dataTypeScale>2</dataTypeScale>
<ownDataTypeParameters>,6,2</ownDataTypeParameters>
</Attribute>
<Attribute name="nr_total_prot" id="83213441-2C53-1734-D72F-3FE87AC1472E">
<createdBy>marcelo</createdBy>
<createdTime>2021-08-17 18:10:51 UTC</createdTime>
<ownerDesignName>HealthTrack</ownerDesignName>
<engineerTo>
<item key="892E5450-DAFC-767D-E7B2-D33DE6012002" value="true"/>
</engineerTo>
<useDomainConstraints>false</useDomainConstraints>
<use>1</use>
<logicalDatatype>LOGDT019</logicalDatatype>
<dataTypePrecision>6</dataTypePrecision>
<dataTypeScale>2</dataTypeScale>
<ownDataTypeParameters>,6,2</ownDataTypeParameters>
</Attribute>
<Attribute name="nr_total_gord" id="3B3F0344-927C-2268-FE95-B2C0221C6652">
<createdBy>marcelo</createdBy>
<createdTime>2021-08-17 18:11:09 UTC</createdTime>
<ownerDesignName>HealthTrack</ownerDesignName>
<engineerTo>
<item key="892E5450-DAFC-767D-E7B2-D33DE6012002" value="true"/>
</engineerTo>
<useDomainConstraints>false</useDomainConstraints>
<use>1</use>
<logicalDatatype>LOGDT019</logicalDatatype>
<dataTypePrecision>6</dataTypePrecision>
<dataTypeScale>2</dataTypeScale>
<ownDataTypeParameters>,6,2</ownDataTypeParameters>
</Attribute>
</attributes>
<identifiers itemClass="oracle.dbtools.crest.model.design.logical.CandidateKey">
<identifier id="DBFC1331-E80A-DDDD-E230-AB9D248298F5" name="T_HLT_REF_PK">
<createdBy>Marcelo Portella</createdBy>
<createdTime>2021-05-22 18:08:31 UTC</createdTime>
<ownerDesignName>HealthTrack</ownerDesignName>
<engineerTo>
<item key="892E5450-DAFC-767D-E7B2-D33DE6012002" value="true"/>
</engineerTo>
<pk>true</pk>
<newElementsIDs>CD099CFA-C323-B0D0-8BE2-1D72F0F7333C,F1482C21-BE0C-4D88-B6CD-887BB15B10BC,8163C7A3-A622-37A7-5DAF-BFD50B0E483A</newElementsIDs>
<usedAttributes>
<attributeRef>CD099CFA-C323-B0D0-8BE2-1D72F0F7333C</attributeRef>
<attributeRef>C49F8D61-A83B-FA77-B62E-20C6F1D12712</attributeRef>
<attributeRef>8163C7A3-A622-37A7-5DAF-BFD50B0E483A</attributeRef>
</usedAttributes>
</identifier>
</identifiers>
</Entity>
