<?xml version = '1.0' encoding = 'UTF-8'?>
<Entity class="oracle.dbtools.crest.model.design.logical.Entity" directorySegmentName="seg_0" id="8B60B736-11AC-0029-36C4-80EF6F5C6847" name="T_HLT_MEDICAMENTO">
<createdBy>marcelo</createdBy>
<createdTime>2021-08-19 20:52:55 UTC</createdTime>
<ownerDesignName>HealthTrack</ownerDesignName>
<engineerTo>
<item key="892E5450-DAFC-767D-E7B2-D33DE6012002" value="true"/>
</engineerTo>
<adequatelyNormalized>NO</adequatelyNormalized>
<expectedVolumes>0</expectedVolumes>
<fwdEngineeringStrategyName>Single Table</fwdEngineeringStrategyName>
<growthPercent>0</growthPercent>
<growthType>Year</growthType>
<maxVolumes>9999999</maxVolumes>
<minVolumes>0</minVolumes>
<normalForm>Third</normalForm>
<attributes itemClass="oracle.dbtools.crest.model.design.logical.Attribute">
<Attribute name="dt_remedio" id="34847C0E-3B42-D9AE-C6EF-19E748F5265D">
<createdBy>marcelo</createdBy>
<createdTime>2021-08-19 21:33:17 UTC</createdTime>
<ownerDesignName>HealthTrack</ownerDesignName>
<engineerTo>
<item key="892E5450-DAFC-767D-E7B2-D33DE6012002" value="true"/>
</engineerTo>
<useDomainConstraints>false</useDomainConstraints>
<use>1</use>
<logicalDatatype>LOGDT007</logicalDatatype>
<ownDataTypeParameters>,,</ownDataTypeParameters>
</Attribute>
<Attribute name="nr_registro_dia" id="837C2CA1-D737-0FE6-4F61-2D6733F7DA0B">
<createdBy>marcelo</createdBy>
<createdTime>2021-08-19 21:38:13 UTC</createdTime>
<ownerDesignName>HealthTrack</ownerDesignName>
<engineerTo>
<item key="892E5450-DAFC-767D-E7B2-D33DE6012002" value="true"/>
</engineerTo>
<useDomainConstraints>false</useDomainConstraints>
<use>1</use>
<logicalDatatype>LOGDT019</logicalDatatype>
<dataTypePrecision>2</dataTypePrecision>
<ownDataTypeParameters>,2,</ownDataTypeParameters>
</Attribute>
<Attribute name="id_usuario" id="DDCDB98D-511F-A579-E6E9-639CFAE5BE0E">
<createdBy>marcelo</createdBy>
<createdTime>2021-08-19 21:39:53 UTC</createdTime>
<generatorID>1F4B0CDC-2BB4-432A-0D26-D040E57A5053</generatorID>
<ownerDesignName>HealthTrack</ownerDesignName>
<engineerTo>
<item key="892E5450-DAFC-767D-E7B2-D33DE6012002" value="true"/>
</engineerTo>
<referedAttribute>D0F2F446-6236-294D-1113-0AEA41180347</referedAttribute>
<useDomainConstraints>false</useDomainConstraints>
<use>1</use>
<logicalDatatype>LOGDT019</logicalDatatype>
<dataTypePrecision>8</dataTypePrecision>
<ownDataTypeParameters>,8,</ownDataTypeParameters>
</Attribute>
<Attribute name="id_ativo" id="250BF9EB-7E2A-11E1-0652-3A2D141F42BE">
<createdBy>marcelo</createdBy>
<createdTime>2021-08-19 21:41:50 UTC</createdTime>
<generatorID>3D91365F-3E6D-0B89-70E9-9F30647ECC2D</generatorID>
<ownerDesignName>HealthTrack</ownerDesignName>
<engineerTo>
<item key="892E5450-DAFC-767D-E7B2-D33DE6012002" value="true"/>
</engineerTo>
<referedAttribute>B8B8748A-F62A-74FF-02DB-95C4879F5BA4</referedAttribute>
<useDomainConstraints>false</useDomainConstraints>
<use>1</use>
<logicalDatatype>LOGDT019</logicalDatatype>
<dataTypePrecision>5</dataTypePrecision>
<ownDataTypeParameters>,5,</ownDataTypeParameters>
</Attribute>
<Attribute name="qt_dose" id="3F9E184B-291A-8F9D-79B0-755AF3933396">
<createdBy>marcelo</createdBy>
<createdTime>2021-08-19 21:35:47 UTC</createdTime>
<ownerDesignName>HealthTrack</ownerDesignName>
<engineerTo>
<item key="892E5450-DAFC-767D-E7B2-D33DE6012002" value="true"/>
</engineerTo>
<useDomainConstraints>false</useDomainConstraints>
<use>1</use>
<logicalDatatype>LOGDT019</logicalDatatype>
<dataTypePrecision>8</dataTypePrecision>
<dataTypeScale>2</dataTypeScale>
<ownDataTypeParameters>,8,2</ownDataTypeParameters>
</Attribute>
<Attribute name="horario" id="99D224D7-37B4-D134-53AB-4F883A24256F">
<createdBy>marcelo</createdBy>
<createdTime>2021-08-19 23:36:10 UTC</createdTime>
<ownerDesignName>HealthTrack</ownerDesignName>
<engineerTo>
<item key="892E5450-DAFC-767D-E7B2-D33DE6012002" value="true"/>
</engineerTo>
<useDomainConstraints>false</useDomainConstraints>
<use>1</use>
<logicalDatatype>LOGDT008</logicalDatatype>
<ownDataTypeParameters>,,</ownDataTypeParameters>
</Attribute>
</attributes>
<identifiers itemClass="oracle.dbtools.crest.model.design.logical.CandidateKey">
<identifier id="DD001D44-AC31-C9BC-3BEF-3E130B0EE58A" name="T_HLT_MEDICAMENTO_PK">
<createdBy>marcelo</createdBy>
<createdTime>2021-08-19 21:33:58 UTC</createdTime>
<ownerDesignName>HealthTrack</ownerDesignName>
<engineerTo>
<item key="892E5450-DAFC-767D-E7B2-D33DE6012002" value="true"/>
</engineerTo>
<pk>true</pk>
<newElementsIDs>34847C0E-3B42-D9AE-C6EF-19E748F5265D,837C2CA1-D737-0FE6-4F61-2D6733F7DA0B,1F4B0CDC-2BB4-432A-0D26-D040E57A5053,3D91365F-3E6D-0B89-70E9-9F30647ECC2D</newElementsIDs>
<usedAttributes>
<attributeRef>34847C0E-3B42-D9AE-C6EF-19E748F5265D</attributeRef>
<attributeRef>837C2CA1-D737-0FE6-4F61-2D6733F7DA0B</attributeRef>
<attributeRef>DDCDB98D-511F-A579-E6E9-639CFAE5BE0E</attributeRef>
<attributeRef>250BF9EB-7E2A-11E1-0652-3A2D141F42BE</attributeRef>
</usedAttributes>
</identifier>
</identifiers>
</Entity>
