<?xml version = '1.0' encoding = 'UTF-8'?>
<Entity class="oracle.dbtools.crest.model.design.logical.Entity" directorySegmentName="seg_0" id="95C94FFC-2430-8C79-6B3B-58F01981D062" name="T_HLT_CORACAO">
<createdBy>Marcelo Portella</createdBy>
<createdTime>2021-05-22 17:53:53 UTC</createdTime>
<ownerDesignName>HealthTrack</ownerDesignName>
<engineerTo>
<item key="892E5450-DAFC-767D-E7B2-D33DE6012002" value="true"/>
</engineerTo>
<adequatelyNormalized>NO</adequatelyNormalized>
<expectedVolumes>0</expectedVolumes>
<fwdEngineeringStrategyName>Single Table</fwdEngineeringStrategyName>
<growthPercent>0</growthPercent>
<growthType>Year</growthType>
<maxVolumes>9999999</maxVolumes>
<minVolumes>0</minVolumes>
<normalForm>Third</normalForm>
<attributes itemClass="oracle.dbtools.crest.model.design.logical.Attribute">
<Attribute name="dt_coracao" id="9C1E3621-4DC2-CEDF-C0A9-CCB2650EB2C2">
<createdBy>Marcelo Portella</createdBy>
<createdTime>2021-05-22 17:58:13 UTC</createdTime>
<ownerDesignName>HealthTrack</ownerDesignName>
<engineerTo>
<item key="892E5450-DAFC-767D-E7B2-D33DE6012002" value="true"/>
</engineerTo>
<useDomainConstraints>false</useDomainConstraints>
<use>1</use>
<logicalDatatype>LOGDT008</logicalDatatype>
<ownDataTypeParameters>,,</ownDataTypeParameters>
</Attribute>
<Attribute name="id_usuario" id="7DCEFF90-2DF2-1708-02D3-01CDC398ADB3">
<createdBy>Marcelo Portella</createdBy>
<createdTime>2021-05-22 17:57:50 UTC</createdTime>
<generatorID>395799B0-0756-0F7B-0C7F-336866720ECA</generatorID>
<ownerDesignName>HealthTrack</ownerDesignName>
<engineerTo>
<item key="892E5450-DAFC-767D-E7B2-D33DE6012002" value="true"/>
</engineerTo>
<referedAttribute>D0F2F446-6236-294D-1113-0AEA41180347</referedAttribute>
<useDomainConstraints>false</useDomainConstraints>
<use>1</use>
<logicalDatatype>LOGDT019</logicalDatatype>
<dataTypePrecision>8</dataTypePrecision>
<ownDataTypeParameters>,8,</ownDataTypeParameters>
</Attribute>
<Attribute name="nr_bpm" id="79C923F2-69DA-96CA-9C94-2F930F4EC9FB">
<createdBy>Marcelo Portella</createdBy>
<createdTime>2021-05-22 17:54:46 UTC</createdTime>
<ownerDesignName>HealthTrack</ownerDesignName>
<engineerTo>
<item key="892E5450-DAFC-767D-E7B2-D33DE6012002" value="true"/>
</engineerTo>
<nullsAllowed>true</nullsAllowed>
<useDomainConstraints>false</useDomainConstraints>
<use>1</use>
<logicalDatatype>LOGDT019</logicalDatatype>
<dataTypePrecision>3</dataTypePrecision>
<ownDataTypeParameters>,3,</ownDataTypeParameters>
</Attribute>
<Attribute name="nr_sistolica" id="82D9DEE6-8A21-856F-F5A7-CDDDBE19A7B5">
<createdBy>Marcelo Portella</createdBy>
<createdTime>2021-05-22 17:55:09 UTC</createdTime>
<ownerDesignName>HealthTrack</ownerDesignName>
<engineerTo>
<item key="892E5450-DAFC-767D-E7B2-D33DE6012002" value="true"/>
</engineerTo>
<nullsAllowed>true</nullsAllowed>
<useDomainConstraints>false</useDomainConstraints>
<use>1</use>
<logicalDatatype>LOGDT019</logicalDatatype>
<dataTypePrecision>3</dataTypePrecision>
<ownDataTypeParameters>,3,</ownDataTypeParameters>
</Attribute>
<Attribute name="nr_diastolica" id="D1E481BA-0DA1-E80F-1A80-50B7ED85FD8B">
<createdBy>Marcelo Portella</createdBy>
<createdTime>2021-05-22 17:56:25 UTC</createdTime>
<ownerDesignName>HealthTrack</ownerDesignName>
<engineerTo>
<item key="892E5450-DAFC-767D-E7B2-D33DE6012002" value="true"/>
</engineerTo>
<nullsAllowed>true</nullsAllowed>
<useDomainConstraints>false</useDomainConstraints>
<use>1</use>
<logicalDatatype>LOGDT019</logicalDatatype>
<dataTypePrecision>3</dataTypePrecision>
<ownDataTypeParameters>,3,</ownDataTypeParameters>
</Attribute>
</attributes>
<identifiers itemClass="oracle.dbtools.crest.model.design.logical.CandidateKey">
<identifier id="8B374709-66AC-00EE-55CD-F2DD554DED77" name="T_HLT_CORACAO_PK">
<createdBy>Marcelo Portella</createdBy>
<createdTime>2021-05-22 17:58:00 UTC</createdTime>
<ownerDesignName>HealthTrack</ownerDesignName>
<engineerTo>
<item key="892E5450-DAFC-767D-E7B2-D33DE6012002" value="true"/>
</engineerTo>
<pk>true</pk>
<newElementsIDs>395799B0-0756-0F7B-0C7F-336866720ECA,9C1E3621-4DC2-CEDF-C0A9-CCB2650EB2C2</newElementsIDs>
<usedAttributes>
<attributeRef>7DCEFF90-2DF2-1708-02D3-01CDC398ADB3</attributeRef>
<attributeRef>9C1E3621-4DC2-CEDF-C0A9-CCB2650EB2C2</attributeRef>
</usedAttributes>
</identifier>
</identifiers>
</Entity>
