<?xml version = '1.0' encoding = 'UTF-8'?>
<Entity class="oracle.dbtools.crest.model.design.logical.Entity" directorySegmentName="seg_0" id="972EDF8F-D9B0-68E5-6093-BC517EDBC1A2" name="T_HLT_PESO">
<createdBy>Marcelo Portella</createdBy>
<createdTime>2021-05-22 16:18:44 UTC</createdTime>
<ownerDesignName>HealthTrack</ownerDesignName>
<engineerTo>
<item key="892E5450-DAFC-767D-E7B2-D33DE6012002" value="true"/>
</engineerTo>
<adequatelyNormalized>NO</adequatelyNormalized>
<expectedVolumes>0</expectedVolumes>
<fwdEngineeringStrategyName>Single Table</fwdEngineeringStrategyName>
<growthPercent>0</growthPercent>
<growthType>Year</growthType>
<maxVolumes>9999999</maxVolumes>
<minVolumes>0</minVolumes>
<normalForm>Third</normalForm>
<attributes itemClass="oracle.dbtools.crest.model.design.logical.Attribute">
<Attribute name="dt_peso" id="97F4328B-88DC-71A7-2A64-CDD5EFD9ECEA">
<createdBy>Marcelo Portella</createdBy>
<createdTime>2021-05-22 17:35:54 UTC</createdTime>
<ownerDesignName>HealthTrack</ownerDesignName>
<engineerTo>
<item key="892E5450-DAFC-767D-E7B2-D33DE6012002" value="true"/>
</engineerTo>
<useDomainConstraints>false</useDomainConstraints>
<use>1</use>
<logicalDatatype>LOGDT008</logicalDatatype>
<ownDataTypeParameters>,,</ownDataTypeParameters>
</Attribute>
<Attribute name="id_usuario" id="BA9B5CAB-6AC6-DAFE-CD3A-62CF5AFAF8B8">
<createdBy>Marcelo Portella</createdBy>
<createdTime>2021-05-22 17:41:01 UTC</createdTime>
<generatorID>37140617-D035-17A4-A5F2-16729A631FD9</generatorID>
<ownerDesignName>HealthTrack</ownerDesignName>
<engineerTo>
<item key="892E5450-DAFC-767D-E7B2-D33DE6012002" value="true"/>
</engineerTo>
<referedAttribute>D0F2F446-6236-294D-1113-0AEA41180347</referedAttribute>
<useDomainConstraints>false</useDomainConstraints>
<use>1</use>
<logicalDatatype>LOGDT019</logicalDatatype>
<dataTypePrecision>8</dataTypePrecision>
<ownDataTypeParameters>,8,</ownDataTypeParameters>
</Attribute>
<Attribute name="nr_peso" id="9B4695D8-E173-CE1F-8D2A-4FFED270C09D">
<createdBy>Marcelo Portella</createdBy>
<createdTime>2021-05-22 17:36:12 UTC</createdTime>
<ownerDesignName>HealthTrack</ownerDesignName>
<engineerTo>
<item key="892E5450-DAFC-767D-E7B2-D33DE6012002" value="true"/>
</engineerTo>
<useDomainConstraints>false</useDomainConstraints>
<use>1</use>
<logicalDatatype>LOGDT019</logicalDatatype>
<dataTypePrecision>5</dataTypePrecision>
<dataTypeScale>2</dataTypeScale>
<ownDataTypeParameters>,5,2</ownDataTypeParameters>
</Attribute>
<Attribute name="nr_perc_gordura" id="EAFEC141-634E-1644-9123-6CC36CA2FEF2">
<createdBy>Marcelo Portella</createdBy>
<createdTime>2021-05-22 17:36:43 UTC</createdTime>
<ownerDesignName>HealthTrack</ownerDesignName>
<engineerTo>
<item key="892E5450-DAFC-767D-E7B2-D33DE6012002" value="true"/>
</engineerTo>
<nullsAllowed>true</nullsAllowed>
<useDomainConstraints>false</useDomainConstraints>
<use>1</use>
<logicalDatatype>LOGDT019</logicalDatatype>
<dataTypePrecision>3</dataTypePrecision>
<dataTypeScale>1</dataTypeScale>
<ownDataTypeParameters>,3,1</ownDataTypeParameters>
</Attribute>
<Attribute name="nr_perc_musculo" id="9548BCF7-9382-25D6-B342-1D402F6AD0E9">
<createdBy>Marcelo Portella</createdBy>
<createdTime>2021-05-22 17:46:59 UTC</createdTime>
<ownerDesignName>HealthTrack</ownerDesignName>
<engineerTo>
<item key="892E5450-DAFC-767D-E7B2-D33DE6012002" value="true"/>
</engineerTo>
<nullsAllowed>true</nullsAllowed>
<useDomainConstraints>false</useDomainConstraints>
<use>1</use>
<logicalDatatype>LOGDT019</logicalDatatype>
<dataTypePrecision>3</dataTypePrecision>
<dataTypeScale>1</dataTypeScale>
<ownDataTypeParameters>,3,1</ownDataTypeParameters>
</Attribute>
<Attribute name="nr_perc_visc" id="848188FC-728E-D5E6-A170-4B04C240E660">
<createdBy>marcelo</createdBy>
<createdTime>2021-08-17 15:44:13 UTC</createdTime>
<ownerDesignName>HealthTrack</ownerDesignName>
<engineerTo>
<item key="892E5450-DAFC-767D-E7B2-D33DE6012002" value="true"/>
</engineerTo>
<nullsAllowed>true</nullsAllowed>
<useDomainConstraints>false</useDomainConstraints>
<use>1</use>
<logicalDatatype>LOGDT019</logicalDatatype>
<dataTypePrecision>3</dataTypePrecision>
<dataTypeScale>1</dataTypeScale>
<ownDataTypeParameters>,3,1</ownDataTypeParameters>
</Attribute>
</attributes>
<identifiers itemClass="oracle.dbtools.crest.model.design.logical.CandidateKey">
<identifier id="9A9B8183-0ECB-2D71-9F6C-D8113A1AEE42" name="T_HLT_PESO_PK">
<createdBy>Marcelo Portella</createdBy>
<createdTime>2021-05-22 17:37:11 UTC</createdTime>
<ownerDesignName>HealthTrack</ownerDesignName>
<engineerTo>
<item key="892E5450-DAFC-767D-E7B2-D33DE6012002" value="true"/>
</engineerTo>
<pk>true</pk>
<newElementsIDs>97F4328B-88DC-71A7-2A64-CDD5EFD9ECEA,37140617-D035-17A4-A5F2-16729A631FD9</newElementsIDs>
<usedAttributes>
<attributeRef>97F4328B-88DC-71A7-2A64-CDD5EFD9ECEA</attributeRef>
<attributeRef>BA9B5CAB-6AC6-DAFE-CD3A-62CF5AFAF8B8</attributeRef>
</usedAttributes>
</identifier>
</identifiers>
</Entity>
