<?xml version = '1.0' encoding = 'UTF-8'?>
<Entity class="oracle.dbtools.crest.model.design.logical.Entity" directorySegmentName="seg_0" id="C38C1826-7461-CD3E-1839-A5B338C1DC70" name="T_HLT_ATIVO">
<createdBy>marcelo</createdBy>
<createdTime>2021-08-19 21:29:11 UTC</createdTime>
<ownerDesignName>HealthTrack</ownerDesignName>
<engineerTo>
<item key="892E5450-DAFC-767D-E7B2-D33DE6012002" value="true"/>
</engineerTo>
<adequatelyNormalized>NO</adequatelyNormalized>
<expectedVolumes>0</expectedVolumes>
<fwdEngineeringStrategyName>Single Table</fwdEngineeringStrategyName>
<growthPercent>0</growthPercent>
<growthType>Year</growthType>
<maxVolumes>9999999</maxVolumes>
<minVolumes>0</minVolumes>
<normalForm>Third</normalForm>
<attributes itemClass="oracle.dbtools.crest.model.design.logical.Attribute">
<Attribute name="id_ativo" id="B8B8748A-F62A-74FF-02DB-95C4879F5BA4">
<createdBy>marcelo</createdBy>
<createdTime>2021-08-19 21:41:15 UTC</createdTime>
<ownerDesignName>HealthTrack</ownerDesignName>
<engineerTo>
<item key="892E5450-DAFC-767D-E7B2-D33DE6012002" value="true"/>
</engineerTo>
<useDomainConstraints>false</useDomainConstraints>
<use>1</use>
<logicalDatatype>LOGDT019</logicalDatatype>
<dataTypePrecision>8</dataTypePrecision>
<ownDataTypeParameters>,8,</ownDataTypeParameters>
</Attribute>
<Attribute name="ds_ativo" id="B877FF8A-ACC4-5EC4-20E8-C9EA7342FFCE">
<createdBy>marcelo</createdBy>
<createdTime>2021-08-19 21:41:51 UTC</createdTime>
<ownerDesignName>HealthTrack</ownerDesignName>
<engineerTo>
<item key="892E5450-DAFC-767D-E7B2-D33DE6012002" value="true"/>
</engineerTo>
<useDomainConstraints>false</useDomainConstraints>
<use>1</use>
<logicalDatatype>LOGDT024</logicalDatatype>
<dataTypeSize>30</dataTypeSize>
<ownDataTypeParameters>30,,</ownDataTypeParameters>
</Attribute>
</attributes>
<identifiers itemClass="oracle.dbtools.crest.model.design.logical.CandidateKey">
<identifier id="2A826036-CFAC-1404-E4AF-17792CFE5B0E" name="T_HLT_ATIVO_PK">
<createdBy>marcelo</createdBy>
<createdTime>2021-08-19 21:41:48 UTC</createdTime>
<ownerDesignName>HealthTrack</ownerDesignName>
<engineerTo>
<item key="892E5450-DAFC-767D-E7B2-D33DE6012002" value="true"/>
</engineerTo>
<pk>true</pk>
<newElementsIDs>B8B8748A-F62A-74FF-02DB-95C4879F5BA4</newElementsIDs>
<usedAttributes>
<attributeRef>B8B8748A-F62A-74FF-02DB-95C4879F5BA4</attributeRef>
</usedAttributes>
</identifier>
</identifiers>
</Entity>
