<?xml version = '1.0' encoding = 'UTF-8'?>
<Entity class="oracle.dbtools.crest.model.design.logical.Entity" directorySegmentName="seg_0" id="C832A8F1-2296-A99B-DF69-6BACDA1D645C" name="T_HLT_TIPO_EX">
<createdBy>marcelo</createdBy>
<createdTime>2021-08-17 17:06:11 UTC</createdTime>
<ownerDesignName>HealthTrack</ownerDesignName>
<engineerTo>
<item key="9377E195-FA9B-9867-46BE-D7F954A818F4" value="true"/>
</engineerTo>
<adequatelyNormalized>NO</adequatelyNormalized>
<expectedVolumes>0</expectedVolumes>
<fwdEngineeringStrategyName>Single Table</fwdEngineeringStrategyName>
<growthPercent>0</growthPercent>
<growthType>Year</growthType>
<maxVolumes>9999999</maxVolumes>
<minVolumes>0</minVolumes>
<normalForm>Third</normalForm>
<attributes itemClass="oracle.dbtools.crest.model.design.logical.Attribute">
<Attribute name="id_exercicio" id="A639DB4D-C0BE-8576-40E2-38C3B56C2146">
<createdBy>marcelo</createdBy>
<createdTime>2021-08-17 17:07:45 UTC</createdTime>
<ownerDesignName>HealthTrack</ownerDesignName>
<engineerTo>
<item key="9377E195-FA9B-9867-46BE-D7F954A818F4" value="true"/>
</engineerTo>
<useDomainConstraints>false</useDomainConstraints>
<use>1</use>
<logicalDatatype>LOGDT019</logicalDatatype>
<dataTypePrecision>8</dataTypePrecision>
<ownDataTypeParameters>,8,</ownDataTypeParameters>
</Attribute>
<Attribute name="ds_exercicio" id="B3A8A62E-2854-4AFF-FF34-0661FD567255">
<createdBy>marcelo</createdBy>
<createdTime>2021-08-17 17:08:09 UTC</createdTime>
<ownerDesignName>HealthTrack</ownerDesignName>
<engineerTo>
<item key="9377E195-FA9B-9867-46BE-D7F954A818F4" value="true"/>
</engineerTo>
<useDomainConstraints>false</useDomainConstraints>
<use>1</use>
<logicalDatatype>LOGDT024</logicalDatatype>
<dataTypeSize>30</dataTypeSize>
<ownDataTypeParameters>30,,</ownDataTypeParameters>
</Attribute>
<Attribute name="nr_kcal_minuto" id="05E07E34-DD8B-FEEF-BC10-A308BD4CA752">
<createdBy>marcelo</createdBy>
<createdTime>2021-08-17 17:08:50 UTC</createdTime>
<ownerDesignName>HealthTrack</ownerDesignName>
<engineerTo>
<item key="9377E195-FA9B-9867-46BE-D7F954A818F4" value="true"/>
</engineerTo>
<useDomainConstraints>false</useDomainConstraints>
<use>1</use>
<logicalDatatype>LOGDT019</logicalDatatype>
<dataTypePrecision>2</dataTypePrecision>
<ownDataTypeParameters>,2,</ownDataTypeParameters>
</Attribute>
</attributes>
<identifiers itemClass="oracle.dbtools.crest.model.design.logical.CandidateKey">
<identifier id="4B429337-7737-77AA-184A-C6AB51A93CF0" name="T_HLT_TIPO_EXERCICIO_PK">
<createdBy>marcelo</createdBy>
<createdTime>2021-08-17 17:08:05 UTC</createdTime>
<ownerDesignName>HealthTrack</ownerDesignName>
<engineerTo>
<item key="9377E195-FA9B-9867-46BE-D7F954A818F4" value="true"/>
</engineerTo>
<pk>true</pk>
<newElementsIDs>A639DB4D-C0BE-8576-40E2-38C3B56C2146</newElementsIDs>
<usedAttributes>
<attributeRef>A639DB4D-C0BE-8576-40E2-38C3B56C2146</attributeRef>
</usedAttributes>
</identifier>
</identifiers>
</Entity>