<?xml version = '1.0' encoding = 'UTF-8'?>
<Entity class="oracle.dbtools.crest.model.design.logical.Entity" directorySegmentName="seg_0" id="E693A46F-EA22-AE05-9C34-5971AB1FCE17" name="T_HLT_REFEICAO_ALIMENTO">
<createdBy>marcelo</createdBy>
<createdTime>2021-08-20 20:02:59 UTC</createdTime>
<ownerDesignName>HealthTrack</ownerDesignName>
<engineerTo>
<item key="9CA4DF36-C99F-4CAA-E7B1-1BD8CF0DE91F" value="true"/>
</engineerTo>
<adequatelyNormalized>NO</adequatelyNormalized>
<expectedVolumes>0</expectedVolumes>
<fwdEngineeringStrategyName>Single Table</fwdEngineeringStrategyName>
<growthPercent>0</growthPercent>
<growthType>Year</growthType>
<maxVolumes>9999999</maxVolumes>
<minVolumes>0</minVolumes>
<normalForm>Third</normalForm>
<attributes itemClass="oracle.dbtools.crest.model.design.logical.Attribute">
<Attribute name="dt_refeicao" id="4B9DE9E3-E1C1-463D-8BFE-E00F9D2BB1D0">
<createdBy>marcelo</createdBy>
<createdTime>2021-08-20 20:07:37 UTC</createdTime>
<generatorID>045EC2AD-F96C-76CA-945C-43E490388440</generatorID>
<ownerDesignName>HealthTrack</ownerDesignName>
<engineerTo>
<item key="9CA4DF36-C99F-4CAA-E7B1-1BD8CF0DE91F" value="true"/>
</engineerTo>
<referedAttribute>CD099CFA-C323-B0D0-8BE2-1D72F0F7333C</referedAttribute>
<useDomainConstraints>false</useDomainConstraints>
<use>1</use>
<logicalDatatype>LOGDT008</logicalDatatype>
<ownDataTypeParameters>,,</ownDataTypeParameters>
</Attribute>
<Attribute name="id_usuario" id="CE9559EA-D5D4-D812-52FB-0EF5A8B14568">
<createdBy>marcelo</createdBy>
<createdTime>2021-08-20 20:07:37 UTC</createdTime>
<generatorID>045EC2AD-F96C-76CA-945C-43E490388440</generatorID>
<ownerDesignName>HealthTrack</ownerDesignName>
<engineerTo>
<item key="9CA4DF36-C99F-4CAA-E7B1-1BD8CF0DE91F" value="true"/>
</engineerTo>
<referedAttribute>C49F8D61-A83B-FA77-B62E-20C6F1D12712</referedAttribute>
<useDomainConstraints>false</useDomainConstraints>
<use>1</use>
<logicalDatatype>LOGDT019</logicalDatatype>
<dataTypePrecision>8</dataTypePrecision>
<ownDataTypeParameters>,8,</ownDataTypeParameters>
</Attribute>
<Attribute name="nr_registro_refeicao" id="F5BF7E6D-B5F2-B993-EBA0-DA2EB5F22B0C">
<createdBy>marcelo</createdBy>
<createdTime>2021-08-20 20:07:37 UTC</createdTime>
<generatorID>045EC2AD-F96C-76CA-945C-43E490388440</generatorID>
<ownerDesignName>HealthTrack</ownerDesignName>
<engineerTo>
<item key="9CA4DF36-C99F-4CAA-E7B1-1BD8CF0DE91F" value="true"/>
</engineerTo>
<referedAttribute>8163C7A3-A622-37A7-5DAF-BFD50B0E483A</referedAttribute>
<useDomainConstraints>false</useDomainConstraints>
<use>1</use>
<logicalDatatype>LOGDT019</logicalDatatype>
<dataTypePrecision>2</dataTypePrecision>
<ownDataTypeParameters>,2,</ownDataTypeParameters>
</Attribute>
<Attribute name="id_alimento" id="C5F8D959-3AAF-E714-30E6-524B2738432E">
<createdBy>marcelo</createdBy>
<createdTime>2021-08-20 20:07:53 UTC</createdTime>
<generatorID>EB5E6137-CF37-4D67-179B-A860D07285E7</generatorID>
<ownerDesignName>HealthTrack</ownerDesignName>
<engineerTo>
<item key="9CA4DF36-C99F-4CAA-E7B1-1BD8CF0DE91F" value="true"/>
</engineerTo>
<referedAttribute>3FCBA50B-41F8-142A-672F-6B64A0E61EF4</referedAttribute>
<useDomainConstraints>false</useDomainConstraints>
<use>1</use>
<logicalDatatype>LOGDT019</logicalDatatype>
<dataTypePrecision>8</dataTypePrecision>
<ownDataTypeParameters>,8,</ownDataTypeParameters>
</Attribute>
<Attribute name="qt_consumida" id="B251348F-38F5-C7EA-1DF6-AF8235106BA4">
<createdBy>marcelo</createdBy>
<createdTime>2021-08-20 20:45:11 UTC</createdTime>
<ownerDesignName>HealthTrack</ownerDesignName>
<engineerTo>
<item key="9CA4DF36-C99F-4CAA-E7B1-1BD8CF0DE91F" value="true"/>
</engineerTo>
<useDomainConstraints>false</useDomainConstraints>
<use>1</use>
<logicalDatatype>LOGDT019</logicalDatatype>
<dataTypePrecision>6</dataTypePrecision>
<dataTypeScale>2</dataTypeScale>
<ownDataTypeParameters>,6,2</ownDataTypeParameters>
</Attribute>
</attributes>
<identifiers itemClass="oracle.dbtools.crest.model.design.logical.CandidateKey">
<identifier id="5181DE6F-7598-BFBF-A899-CC2AAA97F4C2" name="T_HLT_REFEICAO_ALIMENTO_PK">
<createdBy>marcelo</createdBy>
<createdTime>2021-08-20 20:42:17 UTC</createdTime>
<ownerDesignName>HealthTrack</ownerDesignName>
<engineerTo>
<item key="9CA4DF36-C99F-4CAA-E7B1-1BD8CF0DE91F" value="true"/>
</engineerTo>
<pk>true</pk>
<newElementsIDs>045EC2AD-F96C-76CA-945C-43E490388440,EB5E6137-CF37-4D67-179B-A860D07285E7</newElementsIDs>
<usedAttributes>
<attributeRef>4B9DE9E3-E1C1-463D-8BFE-E00F9D2BB1D0</attributeRef>
<attributeRef>CE9559EA-D5D4-D812-52FB-0EF5A8B14568</attributeRef>
<attributeRef>F5BF7E6D-B5F2-B993-EBA0-DA2EB5F22B0C</attributeRef>
<attributeRef>C5F8D959-3AAF-E714-30E6-524B2738432E</attributeRef>
</usedAttributes>
</identifier>
</identifiers>
</Entity>