<?xml version = '1.0' encoding = 'UTF-8'?>
<relationalModel class="oracle.dbtools.crest.model.design.relational.RelationalDesign" name="Modelo_Fisico_HealthTrack" id="84911D5E-414A-A05E-6B22-3514D9C26341" mainViewID="7A835147-7F40-FF42-9607-86E608796AD8">
<createdBy>marcelo</createdBy>
<createdTime>2021-08-20 22:04:26 UTC</createdTime>
<ownerDesignName>HealthTrack</ownerDesignName>
<shouldBeOpen>false</shouldBeOpen>
<selectedRDBMSSite>32076570-2523-435C-2E92-BF29817DFF70</selectedRDBMSSite>
</relationalModel>