<?xml version = '1.0' encoding = 'UTF-8'?>
<Table class="oracle.dbtools.crest.model.design.relational.Table" directorySegmentName="seg_0" id="2AB34767-9B4E-0BD6-44A4-6A730B57E08E" name="T_HLT_REFEICAO_ALIMENTO">
<createdBy>marcelo</createdBy>
<createdTime>2021-08-20 22:05:16 UTC</createdTime>
<generatorID>E693A46F-EA22-AE05-9C34-5971AB1FCE17</generatorID>
<ownerDesignName>HealthTrack</ownerDesignName>
<allowColumnReorder>false</allowColumnReorder>
<existDependencyGenerateInDDl>true</existDependencyGenerateInDDl>
<parsed>true</parsed>
<columns itemClass="oracle.dbtools.crest.model.design.relational.Column">
<Column name="T_HLT_REFEICAO_dt_refeicao" id="2B2CD5A4-4ADD-4432-F29D-7C65FCFAA5ED">
<createdBy>marcelo</createdBy>
<createdTime>2021-08-20 22:05:16 UTC</createdTime>
<generatorID>4B9DE9E3-E1C1-463D-8BFE-E00F9D2BB1D0</generatorID>
<ownerDesignName>HealthTrack</ownerDesignName>
<useDomainConstraints>false</useDomainConstraints>
<use>1</use>
<logicalDatatype>LOGDT008</logicalDatatype>
<ownDataTypeParameters>,,</ownDataTypeParameters>
<previousColumn>false</previousColumn>
<autoIncrementCycle>false</autoIncrementCycle>
<associations>
<colAssociation fkAssociation="D3469842-D4FE-83D5-E582-6EB461096C84" referredColumn="FE58E5F4-BC4C-5B8B-ECBB-5A7A6F9A0699"/>
</associations>
</Column>
<Column name="REFEICAO_USUARIO_id_usuario" id="505492C0-A83B-D82C-6AF8-36A232500770">
<createdBy>marcelo</createdBy>
<createdTime>2021-08-20 22:05:16 UTC</createdTime>
<generatorID>CE9559EA-D5D4-D812-52FB-0EF5A8B14568</generatorID>
<ownerDesignName>HealthTrack</ownerDesignName>
<useDomainConstraints>false</useDomainConstraints>
<use>1</use>
<logicalDatatype>LOGDT019</logicalDatatype>
<dataTypePrecision>8</dataTypePrecision>
<ownDataTypeParameters>,,</ownDataTypeParameters>
<previousColumn>false</previousColumn>
<autoIncrementCycle>false</autoIncrementCycle>
<associations>
<colAssociation fkAssociation="D3469842-D4FE-83D5-E582-6EB461096C84" referredColumn="40AC5357-2BD5-8BD8-9FD3-9E0A2B558B6D"/>
</associations>
</Column>
<Column name="REFEICAO_nr_registro_refeicao" id="77535825-8CC6-1439-524A-6C542304C29A">
<createdBy>marcelo</createdBy>
<createdTime>2021-08-20 22:05:16 UTC</createdTime>
<generatorID>F5BF7E6D-B5F2-B993-EBA0-DA2EB5F22B0C</generatorID>
<ownerDesignName>HealthTrack</ownerDesignName>
<useDomainConstraints>false</useDomainConstraints>
<use>1</use>
<logicalDatatype>LOGDT019</logicalDatatype>
<dataTypePrecision>2</dataTypePrecision>
<ownDataTypeParameters>,,</ownDataTypeParameters>
<previousColumn>false</previousColumn>
<autoIncrementCycle>false</autoIncrementCycle>
<associations>
<colAssociation fkAssociation="D3469842-D4FE-83D5-E582-6EB461096C84" referredColumn="3FC97227-8EEE-A29C-648E-9CB4A14C600F"/>
</associations>
</Column>
<Column name="T_HLT_ALIMENTO_id_alimento" id="C37F4B9D-E525-6398-C65A-C312677C31D9">
<createdBy>marcelo</createdBy>
<createdTime>2021-08-20 22:05:16 UTC</createdTime>
<generatorID>C5F8D959-3AAF-E714-30E6-524B2738432E</generatorID>
<ownerDesignName>HealthTrack</ownerDesignName>
<useDomainConstraints>false</useDomainConstraints>
<use>1</use>
<logicalDatatype>LOGDT019</logicalDatatype>
<dataTypePrecision>8</dataTypePrecision>
<ownDataTypeParameters>,,</ownDataTypeParameters>
<previousColumn>false</previousColumn>
<autoIncrementCycle>false</autoIncrementCycle>
<associations>
<colAssociation fkAssociation="EA0D67A4-2372-8203-1923-494FD7AB2039" referredColumn="B9510B7F-C431-4521-F2A3-44A26AF1A71C"/>
</associations>
</Column>
<Column name="qt_consumida" id="AFA13508-E33F-356F-CDAC-075AFD3FD6CF">
<createdBy>marcelo</createdBy>
<createdTime>2021-08-20 22:05:16 UTC</createdTime>
<generatorID>B251348F-38F5-C7EA-1DF6-AF8235106BA4</generatorID>
<ownerDesignName>HealthTrack</ownerDesignName>
<useDomainConstraints>false</useDomainConstraints>
<use>1</use>
<logicalDatatype>LOGDT019</logicalDatatype>
<dataTypePrecision>6</dataTypePrecision>
<dataTypeScale>2</dataTypeScale>
<ownDataTypeParameters>,6,2</ownDataTypeParameters>
<autoIncrementCycle>false</autoIncrementCycle>
</Column>
</columns>
<indexes itemClass="oracle.dbtools.crest.model.design.relational.Index">
<ind_PK_UK id="F62DCB29-D9DF-53DF-43C1-E80EB80220A3" name="REFEICAO_ALIMENTO_PK">
<createdBy>marcelo</createdBy>
<createdTime>2021-08-20 22:05:16 UTC</createdTime>
<generatorID>5181DE6F-7598-BFBF-A899-CC2AAA97F4C2</generatorID>
<ownerDesignName>HealthTrack</ownerDesignName>
<pk>true</pk>
<indexState>Primary Constraint</indexState>
<isSurrogateKey>false</isSurrogateKey>
<indexColumnUsage>
<colUsage columnID="2B2CD5A4-4ADD-4432-F29D-7C65FCFAA5ED"/>
<colUsage columnID="505492C0-A83B-D82C-6AF8-36A232500770"/>
<colUsage columnID="77535825-8CC6-1439-524A-6C542304C29A"/>
<colUsage columnID="C37F4B9D-E525-6398-C65A-C312677C31D9"/>
</indexColumnUsage>
</ind_PK_UK>
<ind_PK_UK id="C9657504-8317-A403-A5A2-FA15D8787586" name="REFEICAO_ALI_FK">
<createdBy>marcelo</createdBy>
<createdTime>2021-08-20 22:05:16 UTC</createdTime>
<generatorID>045EC2AD-F96C-76CA-945C-43E490388440</generatorID>
<ownerDesignName>HealthTrack</ownerDesignName>
<indexState>Foreign Key</indexState>
<isSurrogateKey>false</isSurrogateKey>
<indexColumnUsage>
<colUsage columnID="2B2CD5A4-4ADD-4432-F29D-7C65FCFAA5ED"/>
<colUsage columnID="505492C0-A83B-D82C-6AF8-36A232500770"/>
<colUsage columnID="77535825-8CC6-1439-524A-6C542304C29A"/>
</indexColumnUsage>
</ind_PK_UK>
<ind_PK_UK id="B7B9DE66-D4BC-3850-C559-85B4589468A9" name="ALIMENTO_REF_FK">
<createdBy>marcelo</createdBy>
<createdTime>2021-08-20 22:05:16 UTC</createdTime>
<generatorID>EB5E6137-CF37-4D67-179B-A860D07285E7</generatorID>
<ownerDesignName>HealthTrack</ownerDesignName>
<indexState>Foreign Key</indexState>
<isSurrogateKey>false</isSurrogateKey>
<indexColumnUsage>
<colUsage columnID="C37F4B9D-E525-6398-C65A-C312677C31D9"/>
</indexColumnUsage>
</ind_PK_UK>
</indexes>
</Table>