<?xml version = '1.0' encoding = 'UTF-8'?>
<Table class="oracle.dbtools.crest.model.design.relational.Table" directorySegmentName="seg_0" id="5CD1BACB-A458-06CD-2E6C-7A65D37908B1" name="T_HLT_AGUA">
<createdBy>marcelo</createdBy>
<createdTime>2021-08-20 22:05:16 UTC</createdTime>
<generatorID>02271C15-3DD7-4CC3-A3D0-66B78B92F493</generatorID>
<ownerDesignName>HealthTrack</ownerDesignName>
<allowColumnReorder>false</allowColumnReorder>
<existDependencyGenerateInDDl>true</existDependencyGenerateInDDl>
<parsed>true</parsed>
<columns itemClass="oracle.dbtools.crest.model.design.relational.Column">
<Column name="dt_agua" id="66389572-CA18-6DA8-B7C6-EF7492B08C69">
<createdBy>marcelo</createdBy>
<createdTime>2021-08-20 22:05:16 UTC</createdTime>
<generatorID>600E7D9C-F9CD-922B-A0F7-628E03E210AB</generatorID>
<ownerDesignName>HealthTrack</ownerDesignName>
<useDomainConstraints>false</useDomainConstraints>
<use>1</use>
<logicalDatatype>LOGDT007</logicalDatatype>
<ownDataTypeParameters>,,</ownDataTypeParameters>
<autoIncrementCycle>false</autoIncrementCycle>
</Column>
<Column name="nr_registro_dia" id="267C971B-E459-31D6-4B2B-0F4F08E82271">
<createdBy>marcelo</createdBy>
<createdTime>2021-08-20 22:05:16 UTC</createdTime>
<generatorID>40E663E2-722A-C6DC-546C-49C6D142ED3E</generatorID>
<ownerDesignName>HealthTrack</ownerDesignName>
<useDomainConstraints>false</useDomainConstraints>
<use>1</use>
<logicalDatatype>LOGDT019</logicalDatatype>
<dataTypePrecision>2</dataTypePrecision>
<ownDataTypeParameters>,2,</ownDataTypeParameters>
<autoIncrementCycle>false</autoIncrementCycle>
</Column>
<Column name="T_HLT_USUARIO_id_usuario" id="E936ED88-0FD1-7BAD-45E6-4703538A2713">
<createdBy>marcelo</createdBy>
<createdTime>2021-08-20 22:05:16 UTC</createdTime>
<generatorID>88F00EF6-0F2D-26DB-A676-39FB5D904B58</generatorID>
<ownerDesignName>HealthTrack</ownerDesignName>
<useDomainConstraints>false</useDomainConstraints>
<use>1</use>
<logicalDatatype>LOGDT019</logicalDatatype>
<dataTypePrecision>8</dataTypePrecision>
<ownDataTypeParameters>,,</ownDataTypeParameters>
<previousColumn>false</previousColumn>
<autoIncrementCycle>false</autoIncrementCycle>
<associations>
<colAssociation fkAssociation="FC86AF18-4FD9-183D-3763-E2CE68B959E1" referredColumn="99EED685-54F0-4B1A-0D03-59F97C139732"/>
</associations>
</Column>
<Column name="qt_consumida" id="43CAC91F-E471-4279-EFB3-F2AE151519DE">
<createdBy>marcelo</createdBy>
<createdTime>2021-08-20 22:05:16 UTC</createdTime>
<generatorID>14EF7E95-28A6-FF76-DF64-9543C729E135</generatorID>
<ownerDesignName>HealthTrack</ownerDesignName>
<useDomainConstraints>false</useDomainConstraints>
<use>1</use>
<logicalDatatype>LOGDT019</logicalDatatype>
<dataTypePrecision>4</dataTypePrecision>
<ownDataTypeParameters>,4,</ownDataTypeParameters>
<autoIncrementCycle>false</autoIncrementCycle>
</Column>
</columns>
<indexes itemClass="oracle.dbtools.crest.model.design.relational.Index">
<ind_PK_UK id="27C232DF-E998-1768-7C7B-5BCCCCF59762" name="AGUA_PK">
<createdBy>marcelo</createdBy>
<createdTime>2021-08-20 22:05:16 UTC</createdTime>
<generatorID>5AA86E53-94F8-316E-99E3-6EC117920606</generatorID>
<ownerDesignName>HealthTrack</ownerDesignName>
<pk>true</pk>
<indexState>Primary Constraint</indexState>
<isSurrogateKey>false</isSurrogateKey>
<indexColumnUsage>
<colUsage columnID="66389572-CA18-6DA8-B7C6-EF7492B08C69"/>
<colUsage columnID="267C971B-E459-31D6-4B2B-0F4F08E82271"/>
<colUsage columnID="E936ED88-0FD1-7BAD-45E6-4703538A2713"/>
</indexColumnUsage>
</ind_PK_UK>
<ind_PK_UK id="08012CC0-9939-A1F7-8148-843046C54FE9" name="AGUA_USUARIO_FK">
<createdBy>marcelo</createdBy>
<createdTime>2021-08-20 22:05:16 UTC</createdTime>
<generatorID>2674EE4A-B9A6-E4F5-6E97-9FB06EF6D043</generatorID>
<ownerDesignName>HealthTrack</ownerDesignName>
<indexState>Foreign Key</indexState>
<isSurrogateKey>false</isSurrogateKey>
<indexColumnUsage>
<colUsage columnID="E936ED88-0FD1-7BAD-45E6-4703538A2713"/>
</indexColumnUsage>
</ind_PK_UK>
</indexes>
</Table>