<?xml version = '1.0' encoding = 'UTF-8'?>
<Table class="oracle.dbtools.crest.model.design.relational.Table" directorySegmentName="seg_0" id="6F040AB1-40D6-36F8-C1AB-8992DC129810" name="T_HLT_TIPO_EX">
<createdBy>marcelo</createdBy>
<createdTime>2021-08-20 22:05:16 UTC</createdTime>
<generatorID>C832A8F1-2296-A99B-DF69-6BACDA1D645C</generatorID>
<ownerDesignName>HealthTrack</ownerDesignName>
<allowColumnReorder>false</allowColumnReorder>
<existDependencyGenerateInDDl>true</existDependencyGenerateInDDl>
<parsed>true</parsed>
<columns itemClass="oracle.dbtools.crest.model.design.relational.Column">
<Column name="id_exercicio" id="9F11AF21-801A-F8D2-E097-34285CF34236">
<createdBy>marcelo</createdBy>
<createdTime>2021-08-20 22:05:16 UTC</createdTime>
<generatorID>A639DB4D-C0BE-8576-40E2-38C3B56C2146</generatorID>
<ownerDesignName>HealthTrack</ownerDesignName>
<useDomainConstraints>false</useDomainConstraints>
<use>1</use>
<logicalDatatype>LOGDT019</logicalDatatype>
<dataTypePrecision>8</dataTypePrecision>
<ownDataTypeParameters>,8,</ownDataTypeParameters>
<autoIncrementCycle>false</autoIncrementCycle>
</Column>
<Column name="ds_exercicio" id="1C118DE1-DB9E-4908-036B-C30AD8905E8D">
<createdBy>marcelo</createdBy>
<createdTime>2021-08-20 22:05:16 UTC</createdTime>
<generatorID>B3A8A62E-2854-4AFF-FF34-0661FD567255</generatorID>
<ownerDesignName>HealthTrack</ownerDesignName>
<useDomainConstraints>false</useDomainConstraints>
<use>1</use>
<logicalDatatype>LOGDT024</logicalDatatype>
<dataTypeSize>30</dataTypeSize>
<ownDataTypeParameters>30,,</ownDataTypeParameters>
<autoIncrementCycle>false</autoIncrementCycle>
</Column>
<Column name="nr_kcal_minuto" id="9F8DE841-6919-C178-03F2-60D6112DE02B">
<createdBy>marcelo</createdBy>
<createdTime>2021-08-20 22:05:16 UTC</createdTime>
<generatorID>05E07E34-DD8B-FEEF-BC10-A308BD4CA752</generatorID>
<ownerDesignName>HealthTrack</ownerDesignName>
<useDomainConstraints>false</useDomainConstraints>
<use>1</use>
<logicalDatatype>LOGDT019</logicalDatatype>
<dataTypePrecision>2</dataTypePrecision>
<ownDataTypeParameters>,2,</ownDataTypeParameters>
<autoIncrementCycle>false</autoIncrementCycle>
</Column>
</columns>
<indexes itemClass="oracle.dbtools.crest.model.design.relational.Index">
<ind_PK_UK id="4F0FCB0F-0598-AA26-2B1C-1B0FDE796F51" name="TIPO_EX_PK">
<createdBy>marcelo</createdBy>
<createdTime>2021-08-20 22:05:16 UTC</createdTime>
<generatorID>4B429337-7737-77AA-184A-C6AB51A93CF0</generatorID>
<ownerDesignName>HealthTrack</ownerDesignName>
<pk>true</pk>
<indexState>Primary Constraint</indexState>
<isSurrogateKey>false</isSurrogateKey>
<indexColumnUsage>
<colUsage columnID="9F11AF21-801A-F8D2-E097-34285CF34236"/>
</indexColumnUsage>
</ind_PK_UK>
</indexes>
</Table>