<?xml version = '1.0' encoding = 'UTF-8'?>
<Table class="oracle.dbtools.crest.model.design.relational.Table" directorySegmentName="seg_0" id="8EC96BCE-A9F6-35C6-E0E5-4AFB37BED01C" name="T_HLT_CORACAO">
<createdBy>marcelo</createdBy>
<createdTime>2021-08-20 22:05:16 UTC</createdTime>
<generatorID>95C94FFC-2430-8C79-6B3B-58F01981D062</generatorID>
<ownerDesignName>HealthTrack</ownerDesignName>
<allowColumnReorder>false</allowColumnReorder>
<existDependencyGenerateInDDl>true</existDependencyGenerateInDDl>
<parsed>true</parsed>
<columns itemClass="oracle.dbtools.crest.model.design.relational.Column">
<Column name="dt_coracao" id="6FC4AB6C-EA12-4D5D-989F-A8A727E6D530">
<createdBy>marcelo</createdBy>
<createdTime>2021-08-20 22:05:16 UTC</createdTime>
<generatorID>9C1E3621-4DC2-CEDF-C0A9-CCB2650EB2C2</generatorID>
<ownerDesignName>HealthTrack</ownerDesignName>
<useDomainConstraints>false</useDomainConstraints>
<use>1</use>
<logicalDatatype>LOGDT008</logicalDatatype>
<ownDataTypeParameters>,,</ownDataTypeParameters>
<autoIncrementCycle>false</autoIncrementCycle>
</Column>
<Column name="T_HLT_USUARIO_id_usuario" id="64AA8105-B19D-0F23-F5A8-92E94C1ECBF9">
<createdBy>marcelo</createdBy>
<createdTime>2021-08-20 22:05:16 UTC</createdTime>
<generatorID>7DCEFF90-2DF2-1708-02D3-01CDC398ADB3</generatorID>
<ownerDesignName>HealthTrack</ownerDesignName>
<useDomainConstraints>false</useDomainConstraints>
<use>1</use>
<logicalDatatype>LOGDT019</logicalDatatype>
<dataTypePrecision>8</dataTypePrecision>
<ownDataTypeParameters>,,</ownDataTypeParameters>
<previousColumn>false</previousColumn>
<autoIncrementCycle>false</autoIncrementCycle>
<associations>
<colAssociation fkAssociation="BB69BE4E-9C42-8390-263D-4E18892C4AC0" referredColumn="99EED685-54F0-4B1A-0D03-59F97C139732"/>
</associations>
</Column>
<Column name="nr_bpm" id="58CF758C-D166-7167-3C4F-A71DA036DD85">
<createdBy>marcelo</createdBy>
<createdTime>2021-08-20 22:05:16 UTC</createdTime>
<generatorID>79C923F2-69DA-96CA-9C94-2F930F4EC9FB</generatorID>
<ownerDesignName>HealthTrack</ownerDesignName>
<nullsAllowed>true</nullsAllowed>
<useDomainConstraints>false</useDomainConstraints>
<use>1</use>
<logicalDatatype>LOGDT019</logicalDatatype>
<dataTypePrecision>3</dataTypePrecision>
<ownDataTypeParameters>,3,</ownDataTypeParameters>
<autoIncrementCycle>false</autoIncrementCycle>
</Column>
<Column name="nr_sistolica" id="6F20C186-28E1-3F64-05F9-2E7E85AA77D4">
<createdBy>marcelo</createdBy>
<createdTime>2021-08-20 22:05:16 UTC</createdTime>
<generatorID>82D9DEE6-8A21-856F-F5A7-CDDDBE19A7B5</generatorID>
<ownerDesignName>HealthTrack</ownerDesignName>
<nullsAllowed>true</nullsAllowed>
<useDomainConstraints>false</useDomainConstraints>
<use>1</use>
<logicalDatatype>LOGDT019</logicalDatatype>
<dataTypePrecision>3</dataTypePrecision>
<ownDataTypeParameters>,3,</ownDataTypeParameters>
<autoIncrementCycle>false</autoIncrementCycle>
</Column>
<Column name="nr_diastolica" id="5B7F6E28-FBAE-3E6D-3502-D3D6F27B7A20">
<createdBy>marcelo</createdBy>
<createdTime>2021-08-20 22:05:16 UTC</createdTime>
<generatorID>D1E481BA-0DA1-E80F-1A80-50B7ED85FD8B</generatorID>
<ownerDesignName>HealthTrack</ownerDesignName>
<nullsAllowed>true</nullsAllowed>
<useDomainConstraints>false</useDomainConstraints>
<use>1</use>
<logicalDatatype>LOGDT019</logicalDatatype>
<dataTypePrecision>3</dataTypePrecision>
<ownDataTypeParameters>,3,</ownDataTypeParameters>
<autoIncrementCycle>false</autoIncrementCycle>
</Column>
</columns>
<indexes itemClass="oracle.dbtools.crest.model.design.relational.Index">
<ind_PK_UK id="98FB9D90-43D7-1AD1-9009-3D4827B16C92" name="CORACAO_PK">
<createdBy>marcelo</createdBy>
<createdTime>2021-08-20 22:05:16 UTC</createdTime>
<generatorID>8B374709-66AC-00EE-55CD-F2DD554DED77</generatorID>
<ownerDesignName>HealthTrack</ownerDesignName>
<pk>true</pk>
<indexState>Primary Constraint</indexState>
<isSurrogateKey>false</isSurrogateKey>
<indexColumnUsage>
<colUsage columnID="64AA8105-B19D-0F23-F5A8-92E94C1ECBF9"/>
<colUsage columnID="6FC4AB6C-EA12-4D5D-989F-A8A727E6D530"/>
</indexColumnUsage>
</ind_PK_UK>
<ind_PK_UK id="5F20E957-8EC7-03E9-5C46-E37B12971A70" name="CORACAO_USUARIO_FK">
<createdBy>marcelo</createdBy>
<createdTime>2021-08-20 22:05:16 UTC</createdTime>
<generatorID>395799B0-0756-0F7B-0C7F-336866720ECA</generatorID>
<ownerDesignName>HealthTrack</ownerDesignName>
<indexState>Foreign Key</indexState>
<isSurrogateKey>false</isSurrogateKey>
<indexColumnUsage>
<colUsage columnID="64AA8105-B19D-0F23-F5A8-92E94C1ECBF9"/>
</indexColumnUsage>
</ind_PK_UK>
</indexes>
</Table>