<?xml version = '1.0' encoding = 'UTF-8'?>
<Table class="oracle.dbtools.crest.model.design.relational.Table" directorySegmentName="seg_0" id="9A175686-7CB3-3C7E-6DD0-61E7F24F6EF1" name="T_HLT_EXERCICIO">
<createdBy>marcelo</createdBy>
<createdTime>2021-08-20 22:05:16 UTC</createdTime>
<generatorID>125927E2-11DE-335D-90D0-97405F93D3E1</generatorID>
<ownerDesignName>HealthTrack</ownerDesignName>
<allowColumnReorder>false</allowColumnReorder>
<existDependencyGenerateInDDl>true</existDependencyGenerateInDDl>
<parsed>true</parsed>
<columns itemClass="oracle.dbtools.crest.model.design.relational.Column">
<Column name="dt_exercicio" id="CE607B6B-AF48-6B8B-DE01-532704ED4167">
<createdBy>marcelo</createdBy>
<createdTime>2021-08-20 22:05:16 UTC</createdTime>
<generatorID>2E078068-EA2A-7799-135F-0183E2C2AAA3</generatorID>
<ownerDesignName>HealthTrack</ownerDesignName>
<useDomainConstraints>false</useDomainConstraints>
<use>1</use>
<logicalDatatype>LOGDT008</logicalDatatype>
<ownDataTypeParameters>,,</ownDataTypeParameters>
<autoIncrementCycle>false</autoIncrementCycle>
</Column>
<Column name="nr_registro_dia" id="01297A7C-7206-D28F-A141-3E9ABC271E32">
<createdBy>marcelo</createdBy>
<createdTime>2021-08-20 22:05:16 UTC</createdTime>
<generatorID>AC0921CD-7EB6-8F9F-9B74-D79F259C060A</generatorID>
<ownerDesignName>HealthTrack</ownerDesignName>
<useDomainConstraints>false</useDomainConstraints>
<use>1</use>
<logicalDatatype>LOGDT019</logicalDatatype>
<dataTypePrecision>2</dataTypePrecision>
<ownDataTypeParameters>,2,</ownDataTypeParameters>
<autoIncrementCycle>false</autoIncrementCycle>
</Column>
<Column name="T_HLT_USUARIO_id_usuario" id="F20FA17B-156D-1B19-9CAD-F131422F5FEE">
<createdBy>marcelo</createdBy>
<createdTime>2021-08-20 22:05:16 UTC</createdTime>
<generatorID>F07CAAE5-D09A-712A-9A85-18CBF75B27A0</generatorID>
<ownerDesignName>HealthTrack</ownerDesignName>
<useDomainConstraints>false</useDomainConstraints>
<use>1</use>
<logicalDatatype>LOGDT019</logicalDatatype>
<dataTypePrecision>8</dataTypePrecision>
<ownDataTypeParameters>,,</ownDataTypeParameters>
<previousColumn>false</previousColumn>
<autoIncrementCycle>false</autoIncrementCycle>
<associations>
<colAssociation fkAssociation="51BC0432-B768-FE0D-BCDE-E3DDD21FCA42" referredColumn="99EED685-54F0-4B1A-0D03-59F97C139732"/>
</associations>
</Column>
<Column name="T_HLT_TIPO_EX_id_exercicio" id="74E6F092-337F-D649-7B79-4F3CDD0F773C">
<createdBy>marcelo</createdBy>
<createdTime>2021-08-20 22:05:16 UTC</createdTime>
<generatorID>90056EF0-5018-473A-DB94-336F9B0DE6B1</generatorID>
<ownerDesignName>HealthTrack</ownerDesignName>
<useDomainConstraints>false</useDomainConstraints>
<use>1</use>
<logicalDatatype>LOGDT019</logicalDatatype>
<dataTypePrecision>8</dataTypePrecision>
<ownDataTypeParameters>,,</ownDataTypeParameters>
<previousColumn>false</previousColumn>
<autoIncrementCycle>false</autoIncrementCycle>
<associations>
<colAssociation fkAssociation="A615C8C5-683E-2CBB-CD18-3A3B4483BFEC" referredColumn="9F11AF21-801A-F8D2-E097-34285CF34236"/>
</associations>
</Column>
<Column name="duracao" id="5086BB08-F145-44BB-0E1A-E8DE1187AF99">
<createdBy>marcelo</createdBy>
<createdTime>2021-08-20 22:05:16 UTC</createdTime>
<generatorID>4E649E99-5E08-B57E-5D3F-1268D2142479</generatorID>
<ownerDesignName>HealthTrack</ownerDesignName>
<useDomainConstraints>false</useDomainConstraints>
<use>1</use>
<logicalDatatype>LOGDT019</logicalDatatype>
<ownDataTypeParameters>,,</ownDataTypeParameters>
<autoIncrementCycle>false</autoIncrementCycle>
</Column>
<Column name="nr_kcal_total" id="44E5DC69-70D4-3FC3-FE88-4BA9514A93BA">
<createdBy>marcelo</createdBy>
<createdTime>2021-08-20 22:05:16 UTC</createdTime>
<generatorID>D38132F5-0969-051C-19E1-32F1AC8595B6</generatorID>
<ownerDesignName>HealthTrack</ownerDesignName>
<useDomainConstraints>false</useDomainConstraints>
<use>1</use>
<logicalDatatype>LOGDT019</logicalDatatype>
<dataTypePrecision>4</dataTypePrecision>
<ownDataTypeParameters>,4,</ownDataTypeParameters>
<autoIncrementCycle>false</autoIncrementCycle>
</Column>
</columns>
<indexes itemClass="oracle.dbtools.crest.model.design.relational.Index">
<ind_PK_UK id="0D95C243-58AD-1834-586D-79CF0635E154" name="EXERCICIO_PK">
<createdBy>marcelo</createdBy>
<createdTime>2021-08-20 22:05:16 UTC</createdTime>
<generatorID>D1BCF24C-83B9-387F-B319-BB2617549272</generatorID>
<ownerDesignName>HealthTrack</ownerDesignName>
<pk>true</pk>
<indexState>Primary Constraint</indexState>
<isSurrogateKey>false</isSurrogateKey>
<indexColumnUsage>
<colUsage columnID="CE607B6B-AF48-6B8B-DE01-532704ED4167"/>
<colUsage columnID="F20FA17B-156D-1B19-9CAD-F131422F5FEE"/>
<colUsage columnID="74E6F092-337F-D649-7B79-4F3CDD0F773C"/>
<colUsage columnID="01297A7C-7206-D28F-A141-3E9ABC271E32"/>
</indexColumnUsage>
</ind_PK_UK>
<ind_PK_UK id="C6D758BF-24DF-A8C6-C401-23951F962BE0" name="EXERCICIO_TIPO_EX_FK">
<createdBy>marcelo</createdBy>
<createdTime>2021-08-20 22:05:16 UTC</createdTime>
<generatorID>418008F7-65BC-9AF6-CAC1-77BEC62A01F2</generatorID>
<ownerDesignName>HealthTrack</ownerDesignName>
<indexState>Foreign Key</indexState>
<isSurrogateKey>false</isSurrogateKey>
<indexColumnUsage>
<colUsage columnID="74E6F092-337F-D649-7B79-4F3CDD0F773C"/>
</indexColumnUsage>
</ind_PK_UK>
<ind_PK_UK id="0F20EA0D-1D23-1E9C-FDDC-56E904E7292F" name="EXERCICIO_USUARIO_FK">
<createdBy>marcelo</createdBy>
<createdTime>2021-08-20 22:05:16 UTC</createdTime>
<generatorID>16E28059-9E5C-4FF3-0A22-73EB3AFA96EC</generatorID>
<ownerDesignName>HealthTrack</ownerDesignName>
<indexState>Foreign Key</indexState>
<isSurrogateKey>false</isSurrogateKey>
<indexColumnUsage>
<colUsage columnID="F20FA17B-156D-1B19-9CAD-F131422F5FEE"/>
</indexColumnUsage>
</ind_PK_UK>
</indexes>
</Table>