<?xml version = '1.0' encoding = 'UTF-8'?>
<Table class="oracle.dbtools.crest.model.design.relational.Table" directorySegmentName="seg_0" id="A2594051-94CF-9344-F66B-DD0DA794E55E" name="T_HLT_MEDICAMENTO">
<createdBy>marcelo</createdBy>
<createdTime>2021-08-20 22:05:16 UTC</createdTime>
<generatorID>8B60B736-11AC-0029-36C4-80EF6F5C6847</generatorID>
<ownerDesignName>HealthTrack</ownerDesignName>
<allowColumnReorder>false</allowColumnReorder>
<existDependencyGenerateInDDl>true</existDependencyGenerateInDDl>
<parsed>true</parsed>
<columns itemClass="oracle.dbtools.crest.model.design.relational.Column">
<Column name="dt_remedio" id="2EF29044-18FA-A519-0107-E07D803DD9F9">
<createdBy>marcelo</createdBy>
<createdTime>2021-08-20 22:05:16 UTC</createdTime>
<generatorID>34847C0E-3B42-D9AE-C6EF-19E748F5265D</generatorID>
<ownerDesignName>HealthTrack</ownerDesignName>
<useDomainConstraints>false</useDomainConstraints>
<use>1</use>
<logicalDatatype>LOGDT007</logicalDatatype>
<ownDataTypeParameters>,,</ownDataTypeParameters>
<autoIncrementCycle>false</autoIncrementCycle>
</Column>
<Column name="nr_registro_dia" id="801CA34D-CD32-9F04-6333-EDF6BE01FC21">
<createdBy>marcelo</createdBy>
<createdTime>2021-08-20 22:05:16 UTC</createdTime>
<generatorID>837C2CA1-D737-0FE6-4F61-2D6733F7DA0B</generatorID>
<ownerDesignName>HealthTrack</ownerDesignName>
<useDomainConstraints>false</useDomainConstraints>
<use>1</use>
<logicalDatatype>LOGDT019</logicalDatatype>
<dataTypePrecision>2</dataTypePrecision>
<ownDataTypeParameters>,2,</ownDataTypeParameters>
<autoIncrementCycle>false</autoIncrementCycle>
</Column>
<Column name="T_HLT_USUARIO_id_usuario" id="7FC8856E-33DC-1DA4-5CA3-DD07EDB7DD79">
<createdBy>marcelo</createdBy>
<createdTime>2021-08-20 22:05:16 UTC</createdTime>
<generatorID>DDCDB98D-511F-A579-E6E9-639CFAE5BE0E</generatorID>
<ownerDesignName>HealthTrack</ownerDesignName>
<useDomainConstraints>false</useDomainConstraints>
<use>1</use>
<logicalDatatype>LOGDT019</logicalDatatype>
<dataTypePrecision>8</dataTypePrecision>
<ownDataTypeParameters>,,</ownDataTypeParameters>
<previousColumn>false</previousColumn>
<autoIncrementCycle>false</autoIncrementCycle>
<associations>
<colAssociation fkAssociation="6471AAA8-1A91-2E83-75BB-817A27B89C19" referredColumn="99EED685-54F0-4B1A-0D03-59F97C139732"/>
</associations>
</Column>
<Column name="T_HLT_ATIVO_id_ativo" id="DD04F977-2AFB-28F6-88D4-CBAFD815A02C">
<createdBy>marcelo</createdBy>
<createdTime>2021-08-20 22:05:16 UTC</createdTime>
<generatorID>250BF9EB-7E2A-11E1-0652-3A2D141F42BE</generatorID>
<ownerDesignName>HealthTrack</ownerDesignName>
<useDomainConstraints>false</useDomainConstraints>
<use>1</use>
<logicalDatatype>LOGDT019</logicalDatatype>
<dataTypePrecision>8</dataTypePrecision>
<ownDataTypeParameters>,,</ownDataTypeParameters>
<previousColumn>false</previousColumn>
<autoIncrementCycle>false</autoIncrementCycle>
<associations>
<colAssociation fkAssociation="64BC486D-5813-6178-2078-E49B9FCEE2BF" referredColumn="602155AD-9D87-5FD5-1C56-5C5B9A5B2C17"/>
</associations>
</Column>
<Column name="qt_dose" id="608E0AC5-6683-8939-86DF-0454402AB88F">
<createdBy>marcelo</createdBy>
<createdTime>2021-08-20 22:05:16 UTC</createdTime>
<generatorID>3F9E184B-291A-8F9D-79B0-755AF3933396</generatorID>
<ownerDesignName>HealthTrack</ownerDesignName>
<useDomainConstraints>false</useDomainConstraints>
<use>1</use>
<logicalDatatype>LOGDT019</logicalDatatype>
<dataTypePrecision>8</dataTypePrecision>
<dataTypeScale>2</dataTypeScale>
<ownDataTypeParameters>,8,2</ownDataTypeParameters>
<autoIncrementCycle>false</autoIncrementCycle>
</Column>
<Column name="horario" id="11C84355-D463-CF07-4C10-CC13D1F52970">
<createdBy>marcelo</createdBy>
<createdTime>2021-08-20 22:05:16 UTC</createdTime>
<generatorID>99D224D7-37B4-D134-53AB-4F883A24256F</generatorID>
<ownerDesignName>HealthTrack</ownerDesignName>
<useDomainConstraints>false</useDomainConstraints>
<use>1</use>
<logicalDatatype>LOGDT008</logicalDatatype>
<ownDataTypeParameters>,,</ownDataTypeParameters>
<autoIncrementCycle>false</autoIncrementCycle>
</Column>
</columns>
<indexes itemClass="oracle.dbtools.crest.model.design.relational.Index">
<ind_PK_UK id="41DADADE-7386-B89F-B169-2C3135207F94" name="MEDICAMENTO_PK">
<createdBy>marcelo</createdBy>
<createdTime>2021-08-20 22:05:16 UTC</createdTime>
<generatorID>DD001D44-AC31-C9BC-3BEF-3E130B0EE58A</generatorID>
<ownerDesignName>HealthTrack</ownerDesignName>
<pk>true</pk>
<indexState>Primary Constraint</indexState>
<isSurrogateKey>false</isSurrogateKey>
<indexColumnUsage>
<colUsage columnID="2EF29044-18FA-A519-0107-E07D803DD9F9"/>
<colUsage columnID="801CA34D-CD32-9F04-6333-EDF6BE01FC21"/>
<colUsage columnID="7FC8856E-33DC-1DA4-5CA3-DD07EDB7DD79"/>
<colUsage columnID="DD04F977-2AFB-28F6-88D4-CBAFD815A02C"/>
</indexColumnUsage>
</ind_PK_UK>
<ind_PK_UK id="4801C779-F46F-66D5-2A52-A6DBB27F33B5" name="MEDICAMENTO_ATIVO_FK">
<createdBy>marcelo</createdBy>
<createdTime>2021-08-20 22:05:16 UTC</createdTime>
<generatorID>3D91365F-3E6D-0B89-70E9-9F30647ECC2D</generatorID>
<ownerDesignName>HealthTrack</ownerDesignName>
<indexState>Foreign Key</indexState>
<isSurrogateKey>false</isSurrogateKey>
<indexColumnUsage>
<colUsage columnID="DD04F977-2AFB-28F6-88D4-CBAFD815A02C"/>
</indexColumnUsage>
</ind_PK_UK>
<ind_PK_UK id="BF0E9102-C907-3634-35EE-53960C46CFCC" name="MEDICAMENTO_USUARIO_FK">
<createdBy>marcelo</createdBy>
<createdTime>2021-08-20 22:05:16 UTC</createdTime>
<generatorID>1F4B0CDC-2BB4-432A-0D26-D040E57A5053</generatorID>
<ownerDesignName>HealthTrack</ownerDesignName>
<indexState>Foreign Key</indexState>
<isSurrogateKey>false</isSurrogateKey>
<indexColumnUsage>
<colUsage columnID="7FC8856E-33DC-1DA4-5CA3-DD07EDB7DD79"/>
</indexColumnUsage>
</ind_PK_UK>
</indexes>
</Table>