<?xml version = '1.0' encoding = 'UTF-8'?>
<Table class="oracle.dbtools.crest.model.design.relational.Table" directorySegmentName="seg_0" id="BCC81E2A-D0F1-C71F-183E-B7D24DBB6FF0" name="T_HLT_ALIMENTO">
<createdBy>marcelo</createdBy>
<createdTime>2021-08-20 22:05:16 UTC</createdTime>
<generatorID>335E8AF6-410A-9CFE-5915-971F4D3BB834</generatorID>
<ownerDesignName>HealthTrack</ownerDesignName>
<allowColumnReorder>false</allowColumnReorder>
<existDependencyGenerateInDDl>true</existDependencyGenerateInDDl>
<parsed>true</parsed>
<columns itemClass="oracle.dbtools.crest.model.design.relational.Column">
<Column name="id_alimento" id="B9510B7F-C431-4521-F2A3-44A26AF1A71C">
<createdBy>marcelo</createdBy>
<createdTime>2021-08-20 22:05:16 UTC</createdTime>
<generatorID>3FCBA50B-41F8-142A-672F-6B64A0E61EF4</generatorID>
<ownerDesignName>HealthTrack</ownerDesignName>
<useDomainConstraints>false</useDomainConstraints>
<use>1</use>
<logicalDatatype>LOGDT019</logicalDatatype>
<dataTypePrecision>8</dataTypePrecision>
<ownDataTypeParameters>,8,</ownDataTypeParameters>
<autoIncrementCycle>false</autoIncrementCycle>
</Column>
<Column name="ds_alimento" id="295F444C-D9D2-FAAF-536D-3CDFD4D53DF8">
<createdBy>marcelo</createdBy>
<createdTime>2021-08-20 22:05:16 UTC</createdTime>
<generatorID>4BCFECA3-9918-9565-2F74-CB85EC04E273</generatorID>
<ownerDesignName>HealthTrack</ownerDesignName>
<useDomainConstraints>false</useDomainConstraints>
<use>1</use>
<logicalDatatype>LOGDT024</logicalDatatype>
<dataTypeSize>30</dataTypeSize>
<ownDataTypeParameters>30,,</ownDataTypeParameters>
<autoIncrementCycle>false</autoIncrementCycle>
</Column>
<Column name="nr_gr_porcao" id="3B71B30D-14AC-ADD2-F7B0-CA4647BA3ECD">
<createdBy>marcelo</createdBy>
<createdTime>2021-08-20 22:05:16 UTC</createdTime>
<generatorID>5546E569-8CAA-B2C5-DAA4-448E148F79A9</generatorID>
<ownerDesignName>HealthTrack</ownerDesignName>
<useDomainConstraints>false</useDomainConstraints>
<use>1</use>
<logicalDatatype>LOGDT019</logicalDatatype>
<dataTypePrecision>4</dataTypePrecision>
<dataTypeScale>1</dataTypeScale>
<ownDataTypeParameters>,4,1</ownDataTypeParameters>
<autoIncrementCycle>false</autoIncrementCycle>
</Column>
<Column name="nr_kcal_gr" id="00CFA8F1-1AEA-32A9-A234-20316F38BF9E">
<createdBy>marcelo</createdBy>
<createdTime>2021-08-20 22:05:16 UTC</createdTime>
<generatorID>AE3F8724-86A8-E858-BD69-B395CFA86691</generatorID>
<ownerDesignName>HealthTrack</ownerDesignName>
<useDomainConstraints>false</useDomainConstraints>
<use>1</use>
<logicalDatatype>LOGDT019</logicalDatatype>
<dataTypePrecision>4</dataTypePrecision>
<dataTypeScale>3</dataTypeScale>
<ownDataTypeParameters>,4,3</ownDataTypeParameters>
<autoIncrementCycle>false</autoIncrementCycle>
</Column>
<Column name="nr_carbo_gr" id="3CA28EA2-E8EE-425B-616A-87C22D0AF3B6">
<createdBy>marcelo</createdBy>
<createdTime>2021-08-20 22:05:16 UTC</createdTime>
<generatorID>32882B1C-8053-70B1-AD3C-CC1FD5FA8ADE</generatorID>
<ownerDesignName>HealthTrack</ownerDesignName>
<useDomainConstraints>false</useDomainConstraints>
<use>1</use>
<logicalDatatype>LOGDT019</logicalDatatype>
<dataTypePrecision>4</dataTypePrecision>
<dataTypeScale>3</dataTypeScale>
<ownDataTypeParameters>,4,3</ownDataTypeParameters>
<autoIncrementCycle>false</autoIncrementCycle>
</Column>
<Column name="nr_prot_gr" id="5A6963FD-CB89-C035-EF4D-4ED84EFCFC80">
<createdBy>marcelo</createdBy>
<createdTime>2021-08-20 22:05:16 UTC</createdTime>
<generatorID>06313291-90D6-68C3-8B7A-D5E94E70B4AD</generatorID>
<ownerDesignName>HealthTrack</ownerDesignName>
<useDomainConstraints>false</useDomainConstraints>
<use>1</use>
<logicalDatatype>LOGDT019</logicalDatatype>
<dataTypePrecision>4</dataTypePrecision>
<dataTypeScale>3</dataTypeScale>
<ownDataTypeParameters>,4,3</ownDataTypeParameters>
<autoIncrementCycle>false</autoIncrementCycle>
</Column>
<Column name="nr_gord_gr" id="DB55C6FA-86B3-F011-1238-ECC8636E19DF">
<createdBy>marcelo</createdBy>
<createdTime>2021-08-20 22:05:16 UTC</createdTime>
<generatorID>ADD0824E-3963-209A-1232-A4325A0EDD79</generatorID>
<ownerDesignName>HealthTrack</ownerDesignName>
<useDomainConstraints>false</useDomainConstraints>
<use>1</use>
<logicalDatatype>LOGDT019</logicalDatatype>
<dataTypePrecision>4</dataTypePrecision>
<dataTypeScale>3</dataTypeScale>
<ownDataTypeParameters>,4,3</ownDataTypeParameters>
<autoIncrementCycle>false</autoIncrementCycle>
</Column>
</columns>
<indexes itemClass="oracle.dbtools.crest.model.design.relational.Index">
<ind_PK_UK id="5E321EBF-93BF-11A2-C295-5B88877F5916" name="ALIMENTO_PK">
<createdBy>marcelo</createdBy>
<createdTime>2021-08-20 22:05:16 UTC</createdTime>
<generatorID>2E3FBA31-EB8D-D809-71F1-62EF8872EF0A</generatorID>
<ownerDesignName>HealthTrack</ownerDesignName>
<pk>true</pk>
<indexState>Primary Constraint</indexState>
<isSurrogateKey>false</isSurrogateKey>
<indexColumnUsage>
<colUsage columnID="B9510B7F-C431-4521-F2A3-44A26AF1A71C"/>
</indexColumnUsage>
</ind_PK_UK>
</indexes>
</Table>