<?xml version = '1.0' encoding = 'UTF-8'?>
<Table class="oracle.dbtools.crest.model.design.relational.Table" directorySegmentName="seg_0" id="EF37AE70-25D6-75AD-7E57-513B901ED8B9" name="T_HLT_PESO">
<createdBy>marcelo</createdBy>
<createdTime>2021-08-20 22:05:16 UTC</createdTime>
<generatorID>972EDF8F-D9B0-68E5-6093-BC517EDBC1A2</generatorID>
<ownerDesignName>HealthTrack</ownerDesignName>
<allowColumnReorder>false</allowColumnReorder>
<existDependencyGenerateInDDl>true</existDependencyGenerateInDDl>
<parsed>true</parsed>
<columns itemClass="oracle.dbtools.crest.model.design.relational.Column">
<Column name="dt_peso" id="1CBFA58E-354A-F252-8099-20B5DAC9A7EC">
<createdBy>marcelo</createdBy>
<createdTime>2021-08-20 22:05:16 UTC</createdTime>
<generatorID>97F4328B-88DC-71A7-2A64-CDD5EFD9ECEA</generatorID>
<ownerDesignName>HealthTrack</ownerDesignName>
<useDomainConstraints>false</useDomainConstraints>
<use>1</use>
<logicalDatatype>LOGDT008</logicalDatatype>
<ownDataTypeParameters>,,</ownDataTypeParameters>
<autoIncrementCycle>false</autoIncrementCycle>
</Column>
<Column name="T_HLT_USUARIO_id_usuario" id="571F8352-EF4B-CB25-6B22-E42ACF16854B">
<createdBy>marcelo</createdBy>
<createdTime>2021-08-20 22:05:16 UTC</createdTime>
<generatorID>BA9B5CAB-6AC6-DAFE-CD3A-62CF5AFAF8B8</generatorID>
<ownerDesignName>HealthTrack</ownerDesignName>
<useDomainConstraints>false</useDomainConstraints>
<use>1</use>
<logicalDatatype>LOGDT019</logicalDatatype>
<dataTypePrecision>8</dataTypePrecision>
<ownDataTypeParameters>,,</ownDataTypeParameters>
<previousColumn>false</previousColumn>
<autoIncrementCycle>false</autoIncrementCycle>
<associations>
<colAssociation fkAssociation="5BDEB3B2-252C-6A1A-E56B-B38E4EEA1509" referredColumn="99EED685-54F0-4B1A-0D03-59F97C139732"/>
</associations>
</Column>
<Column name="nr_peso" id="96D23242-0FA9-43B5-956F-880E6BDA6E0A">
<createdBy>marcelo</createdBy>
<createdTime>2021-08-20 22:05:16 UTC</createdTime>
<generatorID>9B4695D8-E173-CE1F-8D2A-4FFED270C09D</generatorID>
<ownerDesignName>HealthTrack</ownerDesignName>
<useDomainConstraints>false</useDomainConstraints>
<use>1</use>
<logicalDatatype>LOGDT019</logicalDatatype>
<dataTypePrecision>5</dataTypePrecision>
<dataTypeScale>2</dataTypeScale>
<ownDataTypeParameters>,5,2</ownDataTypeParameters>
<autoIncrementCycle>false</autoIncrementCycle>
</Column>
<Column name="nr_perc_gordura" id="7FED6743-4D47-4166-FDD3-4A0EF87F68B7">
<createdBy>marcelo</createdBy>
<createdTime>2021-08-20 22:05:16 UTC</createdTime>
<generatorID>EAFEC141-634E-1644-9123-6CC36CA2FEF2</generatorID>
<ownerDesignName>HealthTrack</ownerDesignName>
<nullsAllowed>true</nullsAllowed>
<useDomainConstraints>false</useDomainConstraints>
<use>1</use>
<logicalDatatype>LOGDT019</logicalDatatype>
<dataTypePrecision>3</dataTypePrecision>
<dataTypeScale>1</dataTypeScale>
<ownDataTypeParameters>,3,1</ownDataTypeParameters>
<autoIncrementCycle>false</autoIncrementCycle>
</Column>
<Column name="nr_perc_musculo" id="639B2377-1ADA-0A0C-8D96-61C5137B1ED2">
<createdBy>marcelo</createdBy>
<createdTime>2021-08-20 22:05:16 UTC</createdTime>
<generatorID>9548BCF7-9382-25D6-B342-1D402F6AD0E9</generatorID>
<ownerDesignName>HealthTrack</ownerDesignName>
<nullsAllowed>true</nullsAllowed>
<useDomainConstraints>false</useDomainConstraints>
<use>1</use>
<logicalDatatype>LOGDT019</logicalDatatype>
<dataTypePrecision>3</dataTypePrecision>
<dataTypeScale>1</dataTypeScale>
<ownDataTypeParameters>,3,1</ownDataTypeParameters>
<autoIncrementCycle>false</autoIncrementCycle>
</Column>
<Column name="nr_perc_visc" id="F52AF540-F1E2-13F6-E032-79F70E051299">
<createdBy>marcelo</createdBy>
<createdTime>2021-08-20 22:05:16 UTC</createdTime>
<generatorID>848188FC-728E-D5E6-A170-4B04C240E660</generatorID>
<ownerDesignName>HealthTrack</ownerDesignName>
<nullsAllowed>true</nullsAllowed>
<useDomainConstraints>false</useDomainConstraints>
<use>1</use>
<logicalDatatype>LOGDT019</logicalDatatype>
<dataTypePrecision>3</dataTypePrecision>
<dataTypeScale>1</dataTypeScale>
<ownDataTypeParameters>,3,1</ownDataTypeParameters>
<autoIncrementCycle>false</autoIncrementCycle>
</Column>
</columns>
<indexes itemClass="oracle.dbtools.crest.model.design.relational.Index">
<ind_PK_UK id="6AF8253E-0D47-C514-E24E-F177D17620EA" name="PESO_PK">
<createdBy>marcelo</createdBy>
<createdTime>2021-08-20 22:05:16 UTC</createdTime>
<generatorID>9A9B8183-0ECB-2D71-9F6C-D8113A1AEE42</generatorID>
<ownerDesignName>HealthTrack</ownerDesignName>
<pk>true</pk>
<indexState>Primary Constraint</indexState>
<isSurrogateKey>false</isSurrogateKey>
<indexColumnUsage>
<colUsage columnID="1CBFA58E-354A-F252-8099-20B5DAC9A7EC"/>
<colUsage columnID="571F8352-EF4B-CB25-6B22-E42ACF16854B"/>
</indexColumnUsage>
</ind_PK_UK>
<ind_PK_UK id="DAFD604C-EAA3-281D-6E66-1FF046B88D3E" name="PESO_USUARIO_FK">
<createdBy>marcelo</createdBy>
<createdTime>2021-08-20 22:05:16 UTC</createdTime>
<generatorID>37140617-D035-17A4-A5F2-16729A631FD9</generatorID>
<ownerDesignName>HealthTrack</ownerDesignName>
<indexState>Foreign Key</indexState>
<isSurrogateKey>false</isSurrogateKey>
<indexColumnUsage>
<colUsage columnID="571F8352-EF4B-CB25-6B22-E42ACF16854B"/>
</indexColumnUsage>
</ind_PK_UK>
</indexes>
</Table>