<?xml version = '1.0' encoding = 'UTF-8'?>
<Diagram class="oracle.dbtools.crest.swingui.relational.DPVRelational" name="Modelo_Fisico_HealthTrack" id="7A835147-7F40-FF42-9607-86E608796AD8">
<createdBy>marcelo</createdBy>
<modifiedBy>marcelo</modifiedBy>
<createdTime>2021-08-20 22:04:26 UTC</createdTime>
<autoRoute>false</autoRoute>
<boxInbox>true</boxInbox>
<showLegend>false</showLegend>
<showLabels>false</showLabels>
<showRelAttributes>false</showRelAttributes>
<gridEnabled>false</gridEnabled>
<showGrid>false</showGrid>
<diagramColor>-1</diagramColor>
<display>false</display>
<notation>1</notation>
<objectViews>
<OView class="oracle.dbtools.crest.swingui.relational.TVTable" oid="20D30BCA-0DD7-0F65-CE98-435745A2F8FD" otype="Table" vid="52AFD5C1-E7E2-0518-D25E-74744C4B5C3B">
<hideElementsInCurrentOnly>false</hideElementsInCurrentOnly>
<bounds x="170" y="157" width="286" height="112"/>
</OView>
<OView class="oracle.dbtools.crest.swingui.relational.TVTable" oid="2AB34767-9B4E-0BD6-44A4-6A730B57E08E" otype="Table" vid="F439C511-800F-BA3C-E447-BBC272B55B56">
<hideElementsInCurrentOnly>false</hideElementsInCurrentOnly>
<bounds x="931" y="621" width="542" height="156"/>
</OView>
<OView class="oracle.dbtools.crest.swingui.relational.TVTable" oid="354E8054-E275-B614-6BB6-52D1FBB93400" otype="Table" vid="6DFF49AA-F089-61BE-652C-667627EA818D">
<hideElementsInCurrentOnly>false</hideElementsInCurrentOnly>
<bounds x="605" y="345" width="209" height="192"/>
</OView>
<OView class="oracle.dbtools.crest.swingui.relational.TVTable" oid="5CD1BACB-A458-06CD-2E6C-7A65D37908B1" otype="Table" vid="B0C0F3EC-75E4-1282-4A91-A85EA019F40D">
<hideElementsInCurrentOnly>false</hideElementsInCurrentOnly>
<bounds x="161" y="330" width="354" height="125"/>
</OView>
<OView class="oracle.dbtools.crest.swingui.relational.TVTable" oid="6F040AB1-40D6-36F8-C1AB-8992DC129810" otype="Table" vid="70FADEF4-CB82-9C29-8154-A03355F6B8E8">
<hideElementsInCurrentOnly>false</hideElementsInCurrentOnly>
<bounds x="1568" y="442" width="213" height="95"/>
</OView>
<OView class="oracle.dbtools.crest.swingui.relational.TVTable" oid="8EC96BCE-A9F6-35C6-E0E5-4AFB37BED01C" otype="Table" vid="1D60D104-5DB4-4BC8-7B23-DBC04431A722">
<hideElementsInCurrentOnly>false</hideElementsInCurrentOnly>
<bounds x="552" y="39" width="316" height="137"/>
</OView>
<OView class="oracle.dbtools.crest.swingui.relational.TVTable" oid="944BB7B9-84D5-13AF-D667-B9B7052AA601" otype="Table" vid="2ED2BBD0-DA7C-7CE8-CBC5-5A3EF149D935">
<hideElementsInCurrentOnly>false</hideElementsInCurrentOnly>
<bounds x="1130" y="35" width="177" height="81"/>
</OView>
<OView class="oracle.dbtools.crest.swingui.relational.TVTable" oid="9A175686-7CB3-3C7E-6DD0-61E7F24F6EF1" otype="Table" vid="7BB5149B-F441-E424-C995-A434212A51DF">
<hideElementsInCurrentOnly>false</hideElementsInCurrentOnly>
<bounds x="904" y="404" width="555" height="169"/>
</OView>
<OView class="oracle.dbtools.crest.swingui.relational.TVTable" oid="A2594051-94CF-9344-F66B-DD0DA794E55E" otype="Table" vid="67F5A5AA-9FE5-B56D-93FE-FFE2804C6B57">
<hideElementsInCurrentOnly>false</hideElementsInCurrentOnly>
<bounds x="960" y="183" width="536" height="168"/>
</OView>
<OView class="oracle.dbtools.crest.swingui.relational.TVTable" oid="BCC81E2A-D0F1-C71F-183E-B7D24DBB6FF0" otype="Table" vid="4A58FA07-5A06-3DDE-6295-D7E4B68226AF">
<hideElementsInCurrentOnly>false</hideElementsInCurrentOnly>
<bounds x="1571" y="635" width="206" height="150"/>
</OView>
<OView class="oracle.dbtools.crest.swingui.TVNote" oid="CA3683B4-4EDD-1A86-D328-122178798DE5" otype="Note" vid="97CE7052-3C05-F2EE-7399-7EE7FD5ACDA0">
<hideElementsInCurrentOnly>false</hideElementsInCurrentOnly>
<bounds x="2009" y="758" width="128" height="89"/>
<comment>Clique duas vezes para 
editar o texto.</comment>
</OView>
<OView class="oracle.dbtools.crest.swingui.relational.TVTable" oid="EF37AE70-25D6-75AD-7E57-513B901ED8B9" otype="Table" vid="A4AF8FB2-D963-C121-0CC4-CF7943BFA47C">
<hideElementsInCurrentOnly>false</hideElementsInCurrentOnly>
<bounds x="71" y="578" width="290" height="154"/>
</OView>
<OView class="oracle.dbtools.crest.swingui.relational.TVTable" oid="FF70D8AE-838C-93C4-AB6B-5B62662B34FD" otype="Table" vid="EA5DFD7B-D346-0380-378C-C1F74B83CAA2">
<hideElementsInCurrentOnly>false</hideElementsInCurrentOnly>
<bounds x="432" y="608" width="413" height="182"/>
</OView>
</objectViews>
<connectors>
<Connector class="oracle.dbtools.crest.swingui.relational.TVFKRelation" oid="51BC0432-B768-FE0D-BCDE-E3DDD21FCA42" otype="FKIndexAssociation" vid_source="6DFF49AA-F089-61BE-652C-667627EA818D" vid_target="7BB5149B-F441-E424-C995-A434212A51DF">
<hideElementsInCurrentOnly>false</hideElementsInCurrentOnly>
<backgroundColor>-16777216</backgroundColor>
<lineWidth>1</lineWidth>
<points>
<point x="814" y="470"/>
<point x="904" y="470"/>
</points>
</Connector>
<Connector class="oracle.dbtools.crest.swingui.relational.TVFKRelation" oid="5BDEB3B2-252C-6A1A-E56B-B38E4EEA1509" otype="FKIndexAssociation" vid_source="6DFF49AA-F089-61BE-652C-667627EA818D" vid_target="A4AF8FB2-D963-C121-0CC4-CF7943BFA47C">
<hideElementsInCurrentOnly>false</hideElementsInCurrentOnly>
<backgroundColor>-16777216</backgroundColor>
<lineWidth>1</lineWidth>
<points>
<point x="605" y="496"/>
<point x="270" y="496"/>
<point x="270" y="578"/>
</points>
</Connector>
<Connector class="oracle.dbtools.crest.swingui.relational.TVFKRelation" oid="6471AAA8-1A91-2E83-75BB-817A27B89C19" otype="FKIndexAssociation" vid_source="6DFF49AA-F089-61BE-652C-667627EA818D" vid_target="67F5A5AA-9FE5-B56D-93FE-FFE2804C6B57">
<hideElementsInCurrentOnly>false</hideElementsInCurrentOnly>
<backgroundColor>-16777216</backgroundColor>
<lineWidth>1</lineWidth>
<points>
<point x="769" y="345"/>
<point x="769" y="266"/>
<point x="960" y="266"/>
</points>
</Connector>
<Connector class="oracle.dbtools.crest.swingui.relational.TVFKRelation" oid="64BC486D-5813-6178-2078-E49B9FCEE2BF" otype="FKIndexAssociation" vid_source="2ED2BBD0-DA7C-7CE8-CBC5-5A3EF149D935" vid_target="67F5A5AA-9FE5-B56D-93FE-FFE2804C6B57">
<hideElementsInCurrentOnly>false</hideElementsInCurrentOnly>
<backgroundColor>-16777216</backgroundColor>
<lineWidth>1</lineWidth>
<points>
<point x="1218" y="116"/>
<point x="1218" y="183"/>
</points>
</Connector>
<Connector class="oracle.dbtools.crest.swingui.relational.TVFKRelation" oid="9CFC5DB7-A3BC-3411-0859-36DBDFF920F0" otype="FKIndexAssociation" vid_source="6DFF49AA-F089-61BE-652C-667627EA818D" vid_target="EA5DFD7B-D346-0380-378C-C1F74B83CAA2">
<hideElementsInCurrentOnly>false</hideElementsInCurrentOnly>
<backgroundColor>-16777216</backgroundColor>
<lineWidth>1</lineWidth>
<points>
<point x="709" y="537"/>
<point x="709" y="608"/>
</points>
</Connector>
<Connector class="oracle.dbtools.crest.swingui.relational.TVFKRelation" oid="A615C8C5-683E-2CBB-CD18-3A3B4483BFEC" otype="FKIndexAssociation" vid_source="70FADEF4-CB82-9C29-8154-A03355F6B8E8" vid_target="7BB5149B-F441-E424-C995-A434212A51DF">
<hideElementsInCurrentOnly>false</hideElementsInCurrentOnly>
<backgroundColor>-16777216</backgroundColor>
<lineWidth>1</lineWidth>
<points>
<point x="1568" y="489"/>
<point x="1459" y="489"/>
</points>
</Connector>
<Connector class="oracle.dbtools.crest.swingui.relational.TVFKRelation" oid="BB69BE4E-9C42-8390-263D-4E18892C4AC0" otype="FKIndexAssociation" vid_source="6DFF49AA-F089-61BE-652C-667627EA818D" vid_target="1D60D104-5DB4-4BC8-7B23-DBC04431A722">
<hideElementsInCurrentOnly>false</hideElementsInCurrentOnly>
<backgroundColor>-16777216</backgroundColor>
<lineWidth>1</lineWidth>
<points>
<point x="709" y="345"/>
<point x="709" y="176"/>
</points>
</Connector>
<Connector class="oracle.dbtools.crest.swingui.relational.TVFKRelation" oid="C5FE2E73-DC22-D63B-413F-CFD2F18738CF" otype="FKIndexAssociation" vid_source="6DFF49AA-F089-61BE-652C-667627EA818D" vid_target="52AFD5C1-E7E2-0518-D25E-74744C4B5C3B">
<hideElementsInCurrentOnly>false</hideElementsInCurrentOnly>
<backgroundColor>-16777216</backgroundColor>
<lineWidth>1</lineWidth>
<points>
<point x="639" y="345"/>
<point x="639" y="225"/>
<point x="456" y="225"/>
</points>
</Connector>
<Connector class="oracle.dbtools.crest.swingui.relational.TVFKRelation" oid="D3469842-D4FE-83D5-E582-6EB461096C84" otype="FKIndexAssociation" vid_source="EA5DFD7B-D346-0380-378C-C1F74B83CAA2" vid_target="F439C511-800F-BA3C-E447-BBC272B55B56">
<hideElementsInCurrentOnly>false</hideElementsInCurrentOnly>
<backgroundColor>-16777216</backgroundColor>
<lineWidth>1</lineWidth>
<points>
<point x="845" y="699"/>
<point x="931" y="699"/>
</points>
</Connector>
<Connector class="oracle.dbtools.crest.swingui.relational.TVFKRelation" oid="EA0D67A4-2372-8203-1923-494FD7AB2039" otype="FKIndexAssociation" vid_source="4A58FA07-5A06-3DDE-6295-D7E4B68226AF" vid_target="F439C511-800F-BA3C-E447-BBC272B55B56">
<hideElementsInCurrentOnly>false</hideElementsInCurrentOnly>
<backgroundColor>-16777216</backgroundColor>
<lineWidth>1</lineWidth>
<points>
<point x="1571" y="706"/>
<point x="1473" y="706"/>
</points>
</Connector>
<Connector class="oracle.dbtools.crest.swingui.relational.TVFKRelation" oid="FC86AF18-4FD9-183D-3763-E2CE68B959E1" otype="FKIndexAssociation" vid_source="6DFF49AA-F089-61BE-652C-667627EA818D" vid_target="B0C0F3EC-75E4-1282-4A91-A85EA019F40D">
<hideElementsInCurrentOnly>false</hideElementsInCurrentOnly>
<backgroundColor>-16777216</backgroundColor>
<lineWidth>1</lineWidth>
<points>
<point x="605" y="400"/>
<point x="515" y="400"/>
</points>
</Connector>
</connectors>
</Diagram>